source,source_id,title,funder,funder_code,kind,stage,deadline,amount,who_can_apply,short_summary,listing_type,status,post_date,close_date,award_floor,award_ceiling,total_funding,eligibility,eligibility_notes,topics,location,link,summary,first_seen,last_seen
eva-virginia,IV125795,Annual Renewable Indefinite Quantity Construction Contract for Various Minor New Construction,City of Virginia Beach,VA,Contract,Open,2026-10-07,,Any company,"This work includes but is not limited to various types of new construction throughout the City of Virginia Beach. Items include the construction of sidewalk, curb, curb and gutter, asphalt patches, asphalt milling and asphalt paving, concrete entrances, manholes, catch basins, ...",Contract (Invitation for Bids (IFB)),posted,2026-08-05,2026-10-07,,,,Any vendor,,Category: Construction,"Virginia Beach, VA",https://mvendor.cgieva.com/Vendor/public/IVDetails.jsp?PageTitle=SO+Details&rfp_id_lot=125795&rfp_id_round=0,"This work includes but is not limited to various types of new construction throughout the City of Virginia Beach. Items include the construction of sidewalk, curb, curb and gutter, asphalt patches, asphalt milling and asphalt paving, concrete entrances, manholes, catch basins, stormwater BMP, multi-use paths, ADA improvements, pipe installation, construction of turn lanes and other roadway construction, reconstruction of streets and other items generally deemed incidental to roadway, drainage, stormwater facilities, water, and sewer pipe construction.",2026-10-06,2026-10-07
eva-virginia,IV126996,ITB No. 26-2965-5EAR - Williamsburg Road and Chapman Lane Water Line Extensions,Henrico County Government,VA,Contract,Open,2026-10-07,,Any company,"The Work consists of consists of providing approximately 1,035 linear feet of 16-inch ductile iron, polyethylene wrapped and 700 linear feet of 4-, 6-, 8- and 12-inch ductile iron, polyethylene wrapped water main along Williamsburg Road and Chapman Lane; the installation of ...",Contract (Invitation for Bids (IFB)),posted,2026-10-01,2026-10-07,,,,Any vendor,,Category: Construction,"Department of Public Utilities, VA",https://mvendor.cgieva.com/Vendor/public/IVDetails.jsp?PageTitle=SO+Details&rfp_id_lot=126996&rfp_id_round=1,"The Work consists of consists of providing approximately 1,035 linear feet of 16-inch ductile iron, polyethylene wrapped and 700 linear feet of 4-, 6-, 8- and 12-inch ductile iron, polyethylene wrapped water main along Williamsburg Road and Chapman Lane; the installation of approximately five (5) water services and four (4) fire hydrants; and providing site and pavement restoration and providing all other work as required by the Contract Documents in order to provide a complete system as described herein.This project is federally funded through the Virginia Department of Health (VDH) under Eme",2026-10-06,2026-10-07
eva-virginia,IV127811,A/E SERVICES FOR A NEW FISHERIES SCIENCE RESEARCH BUILDING,Virginia Institute of Marine Science,VA,Contract,Open,2026-10-07,,Any company,"The new Fisheries Science Research Building will be a new 42,350 square-foot state-of-the-art research laboratory building, replacing the existing 32-year-old Nunnally/Fisheries Science Laboratory.",Contract (Request for Proposals (RFP)),posted,2026-09-03,2026-10-07,,,,Any vendor,,Category: Professional Services,"Gloucester Point, VA, VA",https://mvendor.cgieva.com/Vendor/public/IVDetails.jsp?PageTitle=SO+Details&rfp_id_lot=127811&rfp_id_round=0,"The new Fisheries Science Research Building will be a new 42,350 square-foot state-of-the-art research laboratory building, replacing the existing 32-year-old Nunnally/Fisheries Science Laboratory. It will include a fish processing laboratory as well as climate-controlled storage, faculty research offices and laboratories supporting the Department of Fisheries Science. The new building will consolidate the Department of Fisheries Science into one location, improving the colloquy between faculty, staff and students of the department. Additionally, the facility will include the Nunnally Ichthyol",2026-10-06,2026-10-07
eva-virginia,IV127947,RFP 27500008 Utility On-Call Engineering Services,Town of Christiansburg,VA,Contract,Open,2026-10-07,,Any company,"The Town of Christiansburg is seeking Expressions of Interest from qualified consulting engineering firms to provide professional engineering term services for potable water distribution, wastewater collection and pumping, wastewater treatment, and programmatic/compliance ...",Contract (Request for Proposals (RFP)),posted,2026-09-25,2026-10-07,,,,Any vendor,,Category: Professional Services; Services,"Christiansburg, VA, VA",https://mvendor.cgieva.com/Vendor/public/IVDetails.jsp?PageTitle=SO+Details&rfp_id_lot=127947&rfp_id_round=1,"The Town of Christiansburg is seeking Expressions of Interest from qualified consulting engineering firms to provide professional engineering term services for potable water distribution, wastewater collection and pumping, wastewater treatment, and programmatic/compliance assistance, consisting of assigned tasks covering planning studies, conceptual design, detailed design, project management, coordination with third parties, contract administration, funding application assistance, permitting, surveying, public involvement, financial analyses, and related services, issued to the selected firm(",2026-10-06,2026-10-07
eva-virginia,IV128620,HVAC Replacement for three (3) schools,Harrisonburg City Public Schools,VA,Contract,Open,2026-10-07,,Any company,"HVAC Replacement for three (3) schools (Keister, Spotswood and Waterman Elementary Schools)",Contract (Invitation for Bids (IFB)),posted,2026-09-30,2026-10-07,,,,Any vendor,,Category: Construction,"Keister Elementary School - 100 Maryland Avenue, Harrisonburg, VA 22801Spotswood Elementary School - 400 Mountain View Drive, Harrisonburg, VA 22801Waterman Elementary School - 451 Chicago Avenue, Harrisonburg, VA  22802, VA",https://mvendor.cgieva.com/Vendor/public/IVDetails.jsp?PageTitle=SO+Details&rfp_id_lot=128620&rfp_id_round=1,"HVAC Replacement for three (3) schools (Keister, Spotswood and Waterman Elementary Schools)",2026-10-06,2026-10-07
sam.gov,00ec26b6099e4bfb9309f56cd669ea13,J041--Manhattan equipment preventative VA Commercial kitchen and refrigeration maintenance services contract,"Veterans Affairs, Department Of",SAM-036,Contract,Info request,2026-10-07,,Any company,The Department of Veterans Affairs Network Contracting Office 2 is issuing this Sources Sought synopsis as a means of conducting market research to identify parties having an interest in and the resources to support this requirement for Commercial Kitchen and Refrigeration ...,Contract (Sources Sought),forecast,2026-10-02,2026-10-07,,,,Any vendor,,NAICS 811412; PSC J041,New York,https://sam.gov/workspace/contract/opp/00ec26b6099e4bfb9309f56cd669ea13/view,"The Department of Veterans Affairs Network Contracting Office 2 is issuing this Sources Sought synopsis as a means of conducting market research to identify parties having an interest in and the resources to support this requirement for Commercial Kitchen and Refrigeration Equipment Preventative Maintenance at the New York Harbor Healthcare System Manhattan Campus, 423 E 23rd St, New Tork, NY 10010. The result of this market research will contribute to determining the method of procurement. The applicable North American Industry Classification System (NAICS) code assigned to this procurement i",2026-10-06,2026-10-07
sam.gov,0afd4ccb04b44d0fb7a02a435d985c26,"66--METER,VOLUMETRIC POSIT",Defense Logistics Agency,SAM-097,Contract,Open,2026-10-07,,Any company,"Proposed procurement for NSN 6680010659645 METER,VOLUMETRIC POSIT: Line 0001 Qty 15 UI EA Deliver To: DLA DISTRIBUTION RED RIVER By: 0435 DAYS ADO This is a source controlled drawing item. Approved source is 3FYV8 2200-421.",Contract (Combined Synopsis/Solicitation),posted,2026-09-29,2026-10-07,,,,Any vendor,,NAICS 334519; PSC 66,National,https://sam.gov/workspace/contract/opp/0afd4ccb04b44d0fb7a02a435d985c26/view,"Proposed procurement for NSN 6680010659645 METER,VOLUMETRIC POSIT: Line 0001 Qty 15 UI EA Deliver To: DLA DISTRIBUTION RED RIVER By: 0435 DAYS ADO This is a source controlled drawing item. Approved source is 3FYV8 2200-421. The solicitation is an RFQ and will be available at the link provided in this notice. Hard copies of this solicitation are not available. The items furnished must meet the requirements of the drawing cited in the solicitation. Digitized drawings and Military Specifications and Standards may be retrieved, or ordered, electronically. All responsible sources may submit a quote",2026-10-06,2026-10-07
sam.gov,0c74d47f39154f94a9fcbde1806391d1,"$5B DESIGN-BUILD/DESIGN-BID-BUILD INDEFINITE DELIVERY INDEFINITE QUANTITY WATERFRONT MULTIPLE AWARD CONSTRUCTION CONTRACT ($5B DB/DBB IDIQ WATERFRONT MACC), VARIOUS LOCATIONS, STATE OF HAWAII AND WAKE ISLAND",Dept Of The Navy,SAM-017,Contract,Open,2026-10-07,,Any company,"$5B DESIGN-BUILD/DESIGN-BID-BUILD INDEFINITE DELIVERY INDEFINITE QUANTITY WATERFRONT MULTIPLE AWARD CONSTRUCTION CONTRACT ($5B DB/DBB IDIQ WATERFRONT MACC), VARIOUS LOCATIONS, STATE OF HAWAII AND WAKE ISLAND",Contract (Solicitation),posted,2026-09-24,2026-10-07,,,,Any vendor,,NAICS 237990; PSC Y1PZ,National,https://sam.gov/workspace/contract/opp/0c74d47f39154f94a9fcbde1806391d1/view,"$5B DESIGN-BUILD/DESIGN-BID-BUILD INDEFINITE DELIVERY INDEFINITE QUANTITY WATERFRONT MULTIPLE AWARD CONSTRUCTION CONTRACT ($5B DB/DBB IDIQ WATERFRONT MACC), VARIOUS LOCATIONS, STATE OF HAWAII AND WAKE ISLAND",2026-10-06,2026-10-07
sam.gov,11215d725f4846e296fcdede82e45696,PEO-M Unmanned Surface Vehicle (USV) Poseidon's Fury Assessment Event (AE),Dept Of Defense,SAM-097,Contract,Info request,2026-10-07,,Any company,"PEO-M Unmanned Surface Vehicle (USV) Poseidon's Fury Assessment Event (AE) Submit NLT 07 October 2026 11:59 PM ET U.S. Persons Only Purpose SOFWERX, in collaboration with U.S.",Contract (Special Notice),posted,2026-09-24,2026-10-07,,,,Any vendor,,NAICS ; PSC ,"Florida, MA",https://sam.gov/workspace/contract/opp/11215d725f4846e296fcdede82e45696/view,"PEO-M Unmanned Surface Vehicle (USV) Poseidon's Fury Assessment Event (AE) Submit NLT 07 October 2026 11:59 PM ET U.S. Persons Only Purpose SOFWERX, in collaboration with U.S. Special Operations Command (USSOCOM) Program Executive Office–Maritime (PEO-M), will host an assessment event that provides Special Operations Forces (SOF) operators and Unmanned Surface Vehicle (USV) vendors opportunities for collaboration, hands-on experimentation, and assessment. Data collected during these events will inform development of the USV Mission-Aligned Reference Architecture (MARA). Background/Synopsis Thi",2026-10-06,2026-10-07
sam.gov,1dc531738c4d4822b8fa6b5b7fd24626,Synopsis for Oil Water Separator Cleaning Maintenance,Dept Of The Army,SAM-021,Contract,Coming soon,2026-10-07,,Any company,"This is a Pre-Solicitation Notice published for informational purposes only; no formal solicitation is currently available. The Mission and Installation Contracting Command (MICC) – Joint Base Lewis-McChord (JBLM), Washington, anticipates issuing a solicitation for Oil Water ...",Contract (Presolicitation),forecast,2026-09-22,2026-10-07,,,,Any vendor,,NAICS 562998; PSC F108,"Joint Base Lewis McChord, WA",https://sam.gov/workspace/contract/opp/1dc531738c4d4822b8fa6b5b7fd24626/view,"This is a Pre-Solicitation Notice published for informational purposes only; no formal solicitation is currently available. The Mission and Installation Contracting Command (MICC) – Joint Base Lewis-McChord (JBLM), Washington, anticipates issuing a solicitation for Oil Water Separator (OWS) cleaning and maintenance services. The purpose of this requirement is to establish an Requirements contract to provide all personnel, equipment, containers, supplies, facilities, transportation, tools, materials, supervision, and non-personal services necessary to perform comprehensive OWS maintenance at JB",2026-10-06,2026-10-07
sam.gov,1deb6879232a4f769e9b598064c417ab,25--CAB ASSEMBLY,Defense Logistics Agency,SAM-097,Contract,Open,2026-10-07,,Any company,Proposed procurement for NSN 2510015699917 CAB ASSEMBLY: Line 0001 Qty 5 UI EA Deliver To: DLA DISTRIBUTION RED RIVER By: 0122 DAYS ADO Approved source is 75Q65 3601312. The solicitation is an RFQ and will be available at the link provided in this notice.,Contract (Combined Synopsis/Solicitation),posted,2026-09-23,2026-10-07,,,,Any vendor,,NAICS 332999; PSC 25,National,https://sam.gov/workspace/contract/opp/1deb6879232a4f769e9b598064c417ab/view,"Proposed procurement for NSN 2510015699917 CAB ASSEMBLY: Line 0001 Qty 5 UI EA Deliver To: DLA DISTRIBUTION RED RIVER By: 0122 DAYS ADO Approved source is 75Q65 3601312. The solicitation is an RFQ and will be available at the link provided in this notice. Hard copies of this solicitation are not available. Specifications, plans, or drawings are not available. All responsible sources may submit a quote which, if timely received, shall be considered. Quotes may be submitted electronically.",2026-10-06,2026-10-07
sam.gov,5d379b0806794a60bfa6bf8c5ffde54a,Department of War (DoW) Drone Other Transaction Authority (OTA) Consortium- Request for Whitepaper – Brigade Uncrewed Aircraft System (BDE UAS) Prototype Project,Dept Of The Army,SAM-021,Contract,Info request,2026-10-07,,Any company,1. Synopsis & Purpose The Uncrewed Aircraft System Program Management Office is releasing this Request for Whitepapers (RFW) in support of the BDE UAS Prototype Project.,Contract (Special Notice),posted,2026-10-05,2026-10-07,,,,Any vendor,,NAICS ; PSC ,"Redstone Arsenal, AL",https://sam.gov/workspace/contract/opp/5d379b0806794a60bfa6bf8c5ffde54a/view,"1. Synopsis & Purpose The Uncrewed Aircraft System Program Management Office is releasing this Request for Whitepapers (RFW) in support of the BDE UAS Prototype Project. The goal of this project is to identify innovative, off-the-shelf, Reconnaissance, Surveillance, and Target Acquisition (RSTA) systems, sub-components, and software ready for rapid prototyping, operational assessment, and potential transition to production. This RFW leverages the agile Department of War (DoW) Drone Other Transaction Authority (OTA) Consortium framework to bypass traditional, lengthy acquisition cycles, ensurin",2026-10-06,2026-10-07
sam.gov,813178f526f446b484e4d7aa5005cb59,Fluke Electronics Repairs,Dept Of The Navy,SAM-017,Contract,Info request,2026-10-07,,Any company,"The Pearl Harbor Naval Shipyard and Intermediate Maintenance Facility (PHNSY&IMF) intends to award a sole-source purchase order using the procedures at FAR 13.106-1(b)(1), as it has been deemed that only one source is available to meet this specific requirement due to ...",Contract (Special Notice),forecast,2026-09-22,2026-10-07,,,,Any vendor,,NAICS 811210; PSC J052,"JBPHH, HI",https://sam.gov/workspace/contract/opp/813178f526f446b484e4d7aa5005cb59/view,"The Pearl Harbor Naval Shipyard and Intermediate Maintenance Facility (PHNSY&IMF) intends to award a sole-source purchase order using the procedures at FAR 13.106-1(b)(1), as it has been deemed that only one source is available to meet this specific requirement due to restrictive rights as the Original Equipment Manufacturer (OEM) only authorizes its service technicians to perform maintenance on its equipment. This purchase order is intended to be awarded to Fluke Electronics, Corp., Inc. for repair and calibration services. The requirements document in the form of a Performance Work Statement",2026-10-06,2026-10-07
sam.gov,8f634271e7d6419b997183ff9f2cc080,"31--BEARING,SLEEVE",Defense Logistics Agency,SAM-097,Contract,Open,2026-10-07,,Any company,"Proposed procurement for NSN 3120016516113 BEARING,SLEEVE: Line 0001 Qty 2 UI EA Deliver To: PEARL HARBOR NAVAL SHIPYARD IMF By: 0020 DAYS ADO Line 0002 Qty 1 UI EA Deliver To: PCU MASSACHUSETTS SSN 798 By: 0020 DAYS ADO Line 0003 Qty 1 UI EA Deliver To: PCU IOWA SSN 797 By: ...",Contract (Combined Synopsis/Solicitation),posted,2026-09-29,2026-10-07,,,,Any vendor,,NAICS 332991; PSC 31,National,https://sam.gov/workspace/contract/opp/8f634271e7d6419b997183ff9f2cc080/view,"Proposed procurement for NSN 3120016516113 BEARING,SLEEVE: Line 0001 Qty 2 UI EA Deliver To: PEARL HARBOR NAVAL SHIPYARD IMF By: 0020 DAYS ADO Line 0002 Qty 1 UI EA Deliver To: PCU MASSACHUSETTS SSN 798 By: 0020 DAYS ADO Line 0003 Qty 1 UI EA Deliver To: PCU IOWA SSN 797 By: 0020 DAYS ADO Line 0004 Qty 1 UI EA Deliver To: USS IDAHO (SSN 799) By: 0020 DAYS ADO Approved sources are 63857 766C0004 C130A; 63857 999F0937 FN 23. The solicitation is an RFQ and will be available at the link provided in this notice. Hard copies of this solicitation are not available. Specifications, plans, or drawings ",2026-10-06,2026-10-07
sam.gov,9a3bdbabfbe9425fb7ff750f4368004a,Ie Shima Barge Transportation,Dept Of The Navy,SAM-017,Contract,Open,2026-10-07,,Any company,**Please provide vessel information with quote** Subject: Barge Transportation Services This is a solicitation for commercial products or commercial services prepared in accordance with part 12. This announcement constitutes the only solicitation.,Contract (Solicitation),posted,2026-10-05,2026-10-07,,,,Any vendor,,NAICS 483113; PSC V115,Okinawa,https://sam.gov/workspace/contract/opp/9a3bdbabfbe9425fb7ff750f4368004a/view,**Please provide vessel information with quote** Subject: Barge Transportation Services This is a solicitation for commercial products or commercial services prepared in accordance with part 12. This announcement constitutes the only solicitation. Offers are being requested and a separate written solicitation will not be issued. This procurement is under Full and Open Competition under NAICS code 483113. An Offeror’s submission of a quote does not constitute a contract or authorize work to begin. This document is not legally binding and does not commit the US Government in any way. This solici,2026-10-06,2026-10-07
sam.gov,bc860d9981b749d289f01a99d63c0af2,Cibola National Forest Culvert Supply,Forest Service,SAM-012,Contract,Open,2026-10-07,,Small businesses only,"The USDA Forest Service, Cibola National Forest, requires galvanized corrugated metal culvert pipe, coupling bands, and shipping to the Magdalena Ranger District Supply Yard in Magdalena, New Mexico.",Contract (Combined Synopsis/Solicitation),posted,2026-09-29,2026-10-07,,,,Small Business Set Aside - Total,,NAICS 332996; PSC 4710,"Magdalena, NM",https://sam.gov/workspace/contract/opp/bc860d9981b749d289f01a99d63c0af2/view,"The USDA Forest Service, Cibola National Forest, requires galvanized corrugated metal culvert pipe, coupling bands, and shipping to the Magdalena Ranger District Supply Yard in Magdalena, New Mexico. See solicitation attachments for complete specifications and response requirements. Amendment 1 provides questions and answers related to the solicitation.",2026-10-06,2026-10-07
sam.gov,bde176c99a534ed69b0d87a8bc8cf1d8,W912HV27BA003 FY27 Maintenance Dredging Yokohama North Dock,Dept Of The Army,SAM-021,Contract,Coming soon,2026-10-07,,Any company,Updated: This is the W912HV27BA003 RFI Response to the original Prequalification of Sources post in accordance with the procedures authorized by Class Deviation 2026 O0019 DFARS 236.101-70 Prequalification of sources. The U.S.,Contract (Presolicitation),forecast,2026-09-04,2026-10-07,,,,Any vendor,,NAICS 237990; PSC Z1KF,"Yokohama, JP-14",https://sam.gov/workspace/contract/opp/bde176c99a534ed69b0d87a8bc8cf1d8/view,"Updated: This is the W912HV27BA003 RFI Response to the original Prequalification of Sources post in accordance with the procedures authorized by Class Deviation 2026 O0019 DFARS 236.101-70 Prequalification of sources. The U.S. Army Corps of Engineers (USACE), Japan District is seeking to prequalify sources for the upcoming Solicitation W912HV27BA003 for FY27 Maintenance Dredging at Yokohama North Dock, Kanagawa, Japan.",2026-10-06,2026-10-07
sam.gov,d7fe3ff086114744a38760bdb23c9b1e,"Title: Industry Day for Beneficial Use of Dredge Material at Piney Island, MCAS Cherry Point, NC",Dept Of The Army,SAM-021,Contract,Info request,2026-10-07,,Any company,"Title: Industry Day for Beneficial Use of Dredge Material at Piney Island, MCAS Cherry Point, NC The Industry Day Meeting is for a potential beneficial use project at Piney Island located in Carteret County, NC.",Contract (Special Notice),posted,2026-09-16,2026-10-07,,,,Any vendor,,NAICS ; PSC ,National,https://sam.gov/workspace/contract/opp/d7fe3ff086114744a38760bdb23c9b1e/view,"Title: Industry Day for Beneficial Use of Dredge Material at Piney Island, MCAS Cherry Point, NC The Industry Day Meeting is for a potential beneficial use project at Piney Island located in Carteret County, NC. The project work would be included as an Option in the next planned AIWW Maintenance Dredging Contract, which will be solicited sometime in late Spring / early Summer 2027.Project Description: The Piney Island Beneficial Use of Dredged Material project involves placing approximately 8,000 cubic yards of dredged material across 9.3 acres of degraded brackish marsh at the northern tip of",2026-10-06,2026-10-07
sam.gov,eeaa346b27294bc8bef8154ae429c16d,Y--Rehabilitation of Water and Wastewater System,National Park Service,SAM-014,Contract,Open,2026-10-07,,Small businesses only,CURE 318742 - Rehabilitation of Water and Wastewater System - Curecanti National Recreation Area,Contract (Solicitation),posted,2026-10-02,2026-10-07,,,,Small Business Set Aside - Total,,NAICS 237110; PSC Y1ND,National,https://sam.gov/workspace/contract/opp/eeaa346b27294bc8bef8154ae429c16d/view,CURE 318742 - Rehabilitation of Water and Wastewater System - Curecanti National Recreation Area,2026-10-06,2026-10-07
sam.gov,f7126d0495684083bf050de6afc7fe2a,"43--SEPARATOR,WATER,LIQUID",Defense Logistics Agency,SAM-097,Contract,Open,2026-10-07,,Companies eligible,"Proposed procurement for NSN 4330998023803 SEPARATOR,WATER,LIQUID: Line 0001 Qty 240 UI EA Deliver To: By: 0067 DAYS ADO This Solicitation may result in an Automated IDC (Indefinite Delivery Contract).",Contract (Combined Synopsis/Solicitation),posted,2026-09-22,2026-10-07,,,,Historically Underutilized Business (HUBZone) Set-Aside (FAR 19.13),,NAICS 333998; PSC 43,National,https://sam.gov/workspace/contract/opp/f7126d0495684083bf050de6afc7fe2a/view,"Proposed procurement for NSN 4330998023803 SEPARATOR,WATER,LIQUID: Line 0001 Qty 240 UI EA Deliver To: By: 0067 DAYS ADO This Solicitation may result in an Automated IDC (Indefinite Delivery Contract). The term of the contract/order will be one year or until the aggregate total of orders placed against the contract/order reach 350000.00. The estimated number of orders per year is 2. The Guaranteed Minimum quantity will be 36. Items will be shipped to various CONUS and OCONUS (via consolidation and containerization point) DLA Depots. Approved source is 1NWY2 EP-0010626. The solicitation is an R",2026-10-06,2026-10-07
cleveland,100-26,"Sewer Test Tee Inspection, Installation and Snaking",City of Cleveland Division of Water Pollution Control,CLE,Contract,Open,2026-10-08,,Any company,"File Number: 100-26 Ordinance: 609-17 Description: FOR THE DIVISION OF WATER POLLUTION CONTROL FOR THE DEPARTMENT OF PUBLIC UTILITIES AS AUTHORIZED BY ORDINANCE 609-17, SEC 541.13. PASSED BY COUNCIL JUNE 4, 2018.",Contract (bid),posted,,2026-10-08,,,,Any vendor,,Division of Water Pollution Control,"Cleveland, OH",https://www.clevelandohio.gov/city-hall/departments/finance/invitations-bid#collapse_108981,"File Number: 100-26 Ordinance: 609-17 Description: FOR THE DIVISION OF WATER POLLUTION CONTROL FOR THE DEPARTMENT OF PUBLIC UTILITIES AS AUTHORIZED BY ORDINANCE 609-17, SEC 541.13. PASSED BY COUNCIL JUNE 4, 2018. There will be a NON MANDATORY Pre-Bid Meeting, Friday, September 25, 2026 at 10:30 am., Via Microsoft Teams, To call into meeting dial in 1-929-352-17 43, Access Code 546 390 799#. Note: Bid must be delivered to the Office of the Commissioner of Purchases and Supplies, Cleveland City Hall, , Room 128, Cleveland, Ohio 44114 before 12 o'clock noon (Eastern Time). Sealed Bids will be ope",2026-10-08,2026-10-08
cleveland,98-26,"Contractual Repair of Water Mains, Fire Hydrants, Valves, Service Connections and Appurtenances-Area C",City of Cleveland Division of Water,CLE,Contract,Open,2026-10-08,,Any company,"File Number: 98-26 Ordinance: 625-2026 Description: FOR THE DIVISION OF WATER FOR THE DEPARTMENT OF PUBLIC UTILITIES AS AUTHORIZED BY ORDINANCE 625-2026. PASSED BY COUNCIL JULY 15, 2026.",Contract (bid),posted,,2026-10-08,,,,Any vendor,,Division of Water,"Cleveland, OH",https://www.clevelandohio.gov/city-hall/departments/finance/invitations-bid#collapse_108986,"File Number: 98-26 Ordinance: 625-2026 Description: FOR THE DIVISION OF WATER FOR THE DEPARTMENT OF PUBLIC UTILITIES AS AUTHORIZED BY ORDINANCE 625-2026. PASSED BY COUNCIL JULY 15, 2026. There will be a NON MANDATORY Pre-Bid Meeting, Thursday, September 10, 2026 at 11 :00 am., Via Microsoft Teams, To call into meeting dial in 1-929-352-1743, Access Code 236 762 317#. Note: Bid must be delivered to the Office of the Commissioner of Purchases and Supplies, Cleveland City Hall, , Room 128, Cleveland, Ohio 44114 before 12 o'clock noon (Eastern Time). Sealed Bids will be opened at Noon on: THURSDAY",2026-10-08,2026-10-08
commbuys,BD-26-1306-NADPW-NADPW-133491,Wastewater Treatment Facility Annual Mechanical Services,Town of North Attleboro,MA,Contract,Open,2026-10-08,,Any company,,Contract (bid),posted,,2026-10-08,,,,Any vendor,,,Massachusetts,https://www.commbuys.com/bso/external/bidDetail.sda?docId=BD-26-1306-NADPW-NADPW-133491&external=true&parentUrl=close,,2026-10-06,2026-10-08
commbuys,BD-26-1573-DPW00-DPW01-133695,Water System SCADA Improvements,Town of Provincetown,MA,Contract,Open,2026-10-08,,Any company,,Contract (bid),posted,,2026-10-08,,,,Any vendor,,,Massachusetts,https://www.commbuys.com/bso/external/bidDetail.sda?docId=BD-26-1573-DPW00-DPW01-133695&external=true&parentUrl=close,,2026-10-06,2026-10-08
eva-virginia,IV127063,Locating Underground Water & Sanitary Sewer,City of Virginia Beach,VA,Contract,Open,2026-10-08,,Any company,"This work includes providing all labor, materials, equipment, vehicles, tools and incidentals necessary to locate underground water and sanitary sewer for the City of Virginia Beach, on an as-needed basis, and in accordance with attached bid documents.",Contract (Invitation for Bids (IFB)),posted,2026-08-24,2026-10-08,,,,Any vendor,,Category: Construction,"Virginia Beach, VA",https://mvendor.cgieva.com/Vendor/public/IVDetails.jsp?PageTitle=SO+Details&rfp_id_lot=127063&rfp_id_round=0,"This work includes providing all labor, materials, equipment, vehicles, tools and incidentals necessary to locate underground water and sanitary sewer for the City of Virginia Beach, on an as-needed basis, and in accordance with attached bid documents.",2026-10-06,2026-10-08
eva-virginia,IV127335,Exterior Building Improvements,New Kent County,VA,Contract,Open,2026-10-08,,Any company,"The New Kent County Department of Public Utilities (DPU) is soliciting bids from qualified firms for Exterior Building Improvements at the Reclaimed Water Distribution Facility in Providence Forge, Virginia.",Contract (Invitation for Bids (IFB)),posted,2026-08-28,2026-10-08,,,,Any vendor,,Category: Professional Services - Construction Related,"10600 Horsemans RoadNew Kent, VA 23124, VA",https://mvendor.cgieva.com/Vendor/public/IVDetails.jsp?PageTitle=SO+Details&rfp_id_lot=127335&rfp_id_round=1,"The New Kent County Department of Public Utilities (DPU) is soliciting bids from qualified firms for Exterior Building Improvements at the Reclaimed Water Distribution Facility in Providence Forge, Virginia.",2026-10-06,2026-10-08
eva-virginia,IV127351,COVB-27-101709 ITB for five Town Center parking garages to include structural and waterproofing,City of Virginia Beach,VA,Contract,Open,2026-10-08,,Any company,"The scope of work includes structural and waterproofing repairs to be performed on the Green â Armada Hoffler Parking Garage, Red â Westin Parking Garage, Blue â Cosmopolitan Parking Garage, Orange â Clark Nexsen Garage, and Maroon Parking Garage.",Contract (Invitation for Bids (IFB)),posted,2026-08-28,2026-10-08,,,,Any vendor,,Category: Construction,"City of Virginia Beach, VA",https://mvendor.cgieva.com/Vendor/public/IVDetails.jsp?PageTitle=SO+Details&rfp_id_lot=127351&rfp_id_round=0,"The scope of work includes structural and waterproofing repairs to be performed on the Green â Armada Hoffler Parking Garage, Red â Westin Parking Garage, Blue â Cosmopolitan Parking Garage, Orange â Clark Nexsen Garage, and Maroon Parking Garage. Contractor is responsible for work incidental to the repairs, including, but not limited to, repainting traffic markings, use of temporary shoring devices, use of temporary traffic control measures, and protection of persons and property is also included in this project.",2026-10-06,2026-10-08
eva-virginia,IV127810,EN-2026-14- WATER TANK MAINTENANCE,Town of Purcellville,VA,Contract,Open,2026-10-08,,Any company,"The Town of Purcellville, Virginia (the âTownâ) provides potable water to its customers through a combination of surface water and groundwater sources.",Contract (Request for Proposals (RFP)),posted,2026-09-29,2026-10-08,,,,Any vendor,,Category: Non-professional Services - Non-Technology,"Town of Purcellville, VA. , VA",https://mvendor.cgieva.com/Vendor/public/IVDetails.jsp?PageTitle=SO+Details&rfp_id_lot=127810&rfp_id_round=8,"The Town of Purcellville, Virginia (the âTownâ) provides potable water to its customers through a combination of surface water and groundwater sources. The Town performs all required water treatment processes and utilizes its potable water storage facilities to maintain adequate system pressure, support operational reliability, and ensure the continued delivery of high-quality drinking water to its customers.To support the continued operation, reliability, and integrity of its potable water system, the Town is soliciting proposals from qualified firms (âOfferor(s)â) to provide comprehe",2026-10-06,2026-10-08
eva-virginia,IV127897,UOSA IFB 27-01 GAC Treatment Optimization,Upper Occoquan Service Authority,VA,Contract,Open,2026-10-08,,Any company,"Phase 1 of the GAC Treatment Optimization Project includes, but is not limited to, retrofitting one L/2 Building carbon contactor, consisting of two cells, to serve as the per- and polyfluoroalkyl substances (PFAS) pilot study system; restoring upflow and downflow operating ...",Contract (Invitation for Bids (IFB)),posted,2026-10-05,2026-10-08,,,,Any vendor,,Category: Construction,"14631 Compton Rd., Centreville, VA 20121, VA",https://mvendor.cgieva.com/Vendor/public/IVDetails.jsp?PageTitle=SO+Details&rfp_id_lot=127897&rfp_id_round=3,"Phase 1 of the GAC Treatment Optimization Project includes, but is not limited to, retrofitting one L/2 Building carbon contactor, consisting of two cells, to serve as the per- and polyfluoroalkyl substances (PFAS) pilot study system; restoring upflow and downflow operating capability through modifications to the existing underdrain nozzle system; and implementing a proof-of-concept evaluation for carbon transfer improvements. If authorized by the Owner, Phase 2 of the Project will include, but is not limited to, retrofitting the remaining seven carbon contactors (i.e., fourteen cells) with th",2026-10-06,2026-10-08
eva-virginia,IV128502,FQ 714026: Purch of Stream Mitigation Cred for Evergreen Mills Rd/Watson Rd/Reservoir Rd Inter Improvements,County of Loudoun,VA,Contract,Open,2026-10-08,,Any company,ATTENTION: Visit www.loudoun.gov/bids to download the solicitation for full details on the submission process. Online responses in EVA will not be accepted or considered.,Contract (Invitation for Bids (IFB)),posted,2026-09-16,2026-10-08,,,,Any vendor,,Category: Construction,"Loudoun County, VA",https://mvendor.cgieva.com/Vendor/public/IVDetails.jsp?PageTitle=SO+Details&rfp_id_lot=128502&rfp_id_round=0,"ATTENTION: Visit www.loudoun.gov/bids to download the solicitation for full details on the submission process. Online responses in EVA will not be accepted or considered. The County of Loudoun, Virginia (County), is soliciting bids from the Department of Environmental Quality (DEQ) approved stream mitigation banks for the purchase of 1,126 stream credits using the Unified Stream Methodology (USM). The impacts are located within the Middle Potomac-Catoctin watershed, Hydrologic Unit Code (HUC) 02070008, and are associated with the Evergreen Mills Road Watson Road and Reservoir Road Intersection",2026-10-06,2026-10-08
metcouncil,26P083,Interceptor 1-MN-346 Rehabilitation Phase 2 (Contracting - with Small Business Goal),Metropolitan Council Environmental Services,METC-ES,Contract,Open,2026-10-08,,Any company,,Contract (bid),posted,2026-09-08,2026-10-08,,,,Any vendor,,ES,"Minneapolis-St. Paul, MN",https://metrocouncil.org/getdoc/db7e2556-9e6d-4990-99e7-f50b7acbc39d/Number.aspx,,2026-10-08,2026-10-08
metcouncil,26P215,Facility Alum,Metropolitan Council Environmental Services,METC-ES,Contract,Open,2026-10-08,,Any company,,Contract (bid),posted,2026-09-08,2026-10-08,,,,Any vendor,,ES,"Minneapolis-St. Paul, MN",https://metrocouncil.org/getdoc/94362996-c238-4faf-82d9-ea9bf7a1fee4/Number.aspx,,2026-10-08,2026-10-08
mmsd,J06106C10,ISS Pump Station Air Supply Units at the Jones Island Water Reclamation Facility,Milwaukee Metropolitan Sewerage District,MMSD,Contract,Open,2026-10-08,,Any company,Reference J06106C10,Contract,posted,,2026-10-08,,,,Any vendor,,,"Milwaukee area, WI",https://mmsd.diversitycompliance.com/FrontEnd/ProposalSearchPublicDetail.asp?XID=8518&TN=mmsd&PID=6BE467276533DAE9C10DD65800E2A91EA38EA51AD42697BE,Reference J06106C10,2026-10-08,2026-10-08
nyc-city-record,20260821033,"SMD_Services IDIQ Contract for Annual Cleaning and Inspection of Gravity Roof Tanks at Various NYCHA Buildings, Citywide",NYC Housing Authority,NYC,Contract,Open,2026-10-08,,Any company,"Scope of Work: The annual inspection, cleaning and disinfection of roof tanks on NYCHA properties in compliance with all applicable New York City, New York State, and Federal regulations. at various developments citywide.",Contract (Competitive Sealed Bids),posted,2026-09-03,2026-10-08,,,,Any vendor,,Construction/Construction Services,New York City,https://a856-cityrecord.nyc.gov/RequestDetail/20260821033,"Scope of Work: The annual inspection, cleaning and disinfection of roof tanks on NYCHA properties in compliance with all applicable New York City, New York State, and Federal regulations. at various developments citywide. All work shall comply with applicable laws, codes and standards, including but not limited to NYC Health Code §§ 141.07 & 141.09, Rules of the City of New York, Title 24, Chapter 31, NYC Administrative Code § 17-194, Plumbing Code §§ 606.5 / 606.5.4.3, NYS Sanitary Code, Part 5, ANSI/AWWA/APHA/WEF Industry Standards, Safe Drinking Water Act (SDWA), §28-301.1 of the NYC Constr",2026-10-06,2026-10-08
nyc-city-record,20260828018,SMD_Services_Indefinite Delivery Indefinite Quantity (IDIQ) Contract for Repair of Gravity Roof Tanks (Office of Water Quality) at Various NYCHA Buildings Citywide,NYC Housing Authority,NYC,Contract,Open,2026-10-08,,Any company,"Scope of Work : The scope of work includes repairing any leaks, cracks, or damage found in wooden or steel gravity tanks, including but not limited to conical covers, flat decking, hatch doors, ladders, plugs, strainers, piping, plumbing components, valves, electrical systems, ...",Contract (Competitive Sealed Bids),posted,2026-09-03,2026-10-08,,,,Any vendor,,Construction Related Services,New York City,https://a856-cityrecord.nyc.gov/RequestDetail/20260828018,"Scope of Work : The scope of work includes repairing any leaks, cracks, or damage found in wooden or steel gravity tanks, including but not limited to conical covers, flat decking, hatch doors, ladders, plugs, strainers, piping, plumbing components, valves, electrical systems, probes, control wiring, conduit, co applicable city, state, and federal codes, regulations, all materials, equipment, and workmanship used in these repairs shall comply with all relevant city, state, and federal codes, as well as applicable regulations and industry standards governing construction, safety, and domestic w",2026-10-06,2026-10-08
sam.gov,08bacc30fb5c4bf1a2bb71cc32ef9b85,ARMED FORCES CAREER CENTER,Dept Of The Army,SAM-021,Contract,Open,2026-10-08,,Any company,"SOLICITATON FOR OFFER LOCATION: Benton Harbor, MI The U. S. Army Corps of Engineers, Recruiting Facilities Program, is soliciting offers for approximately 1,570 square feet (useable) of commercial retail/office space located a ¼ mile radius of 1355 Mall Dr, Benton Harbor, MI.",Contract (Solicitation),posted,2026-09-23,2026-10-08,,,,Any vendor,,NAICS 531190; PSC X1AA,"Benton Harbor, MI",https://sam.gov/workspace/contract/opp/08bacc30fb5c4bf1a2bb71cc32ef9b85/view,"SOLICITATON FOR OFFER LOCATION: Benton Harbor, MI The U. S. Army Corps of Engineers, Recruiting Facilities Program, is soliciting offers for approximately 1,570 square feet (useable) of commercial retail/office space located a ¼ mile radius of 1355 Mall Dr, Benton Harbor, MI. Office space will be located within the zip code of 49022. Space will need to include a secondary egress; have adequate parking (prefer it is sign designated) for 4 Government-owned vehicles 24 hours a day/7 days a week, as well as adequate parking within 4 blocks for employee and customer vehicles; include daytime janito",2026-10-06,2026-10-08
sam.gov,45c5eb62fa594c23a63f262b451192c8,F/A-18 Integration Support of the ARC-210/RT-1990A(C) and the RT-2036(C) Radios,Dept Of The Navy,SAM-017,Contract,Coming soon,2026-10-08,,Any company,"The Naval Air Warfare Center Aircraft Division (NAWCAD), Patuxent River, MD intends to negotiate and award a Delivery Order under Basic Ordering Agreement (BOA) N0042126G1005 with Collins Aerospace (CA), 400 Collins Road NE, Cedar Rapids, IA 52498-0505 to provide Naval Air ...",Contract (Presolicitation),forecast,2026-09-23,2026-10-08,,,,Any vendor,,NAICS 334290; PSC 5821,IA,https://sam.gov/workspace/contract/opp/45c5eb62fa594c23a63f262b451192c8/view,"The Naval Air Warfare Center Aircraft Division (NAWCAD), Patuxent River, MD intends to negotiate and award a Delivery Order under Basic Ordering Agreement (BOA) N0042126G1005 with Collins Aerospace (CA), 400 Collins Road NE, Cedar Rapids, IA 52498-0505 to provide Naval Air Systems Command, Air Combat Electronics Program Office (PMA209) with F/A-18 (all variants) and EA-18 aircraft, hereinafter referred to as the platform. This integration support is for the AN/ARC-210/RT-1990A(C) radio, hereinafter referred to as Gen5A and the AN/ARC-210/RT-2036(C), hereinafter referred to as Gen6 radios. This",2026-10-06,2026-10-08
sam.gov,4f731515bd3c403189fd2452f9725a15,Drydocks (DD) – USCG WMSL-418 (NSC) FY28-33 Pacific Area,Us Coast Guard,SAM-070,Contract,Info request,2026-10-08,,Any company,"9/23/2026: This update is to answer 2 questions rececived Question: Once a formal solicitation is issued, will the availability be Geographically restricted to the homeport of the vessels? Answer: USCG does not plan to geographically restrict the drydocks to the homeport of each ...",Contract (Sources Sought),forecast,2026-09-23,2026-10-08,,,,Any vendor,,NAICS 336611; PSC J999,CA,https://sam.gov/workspace/contract/opp/4f731515bd3c403189fd2452f9725a15/view,"9/23/2026: This update is to answer 2 questions rececived Question: Once a formal solicitation is issued, will the availability be Geographically restricted to the homeport of the vessels? Answer: USCG does not plan to geographically restrict the drydocks to the homeport of each vessel. 2. Question: What is the minimum draft for the 418 ft vessels? Answer: The minimum draft is 24.5' 9/10/2026: The U.S. Coast Guard Surface Forces Logistics Center is conducting market research for the drydocking of six (6) Pacific Area based Maritime Security Cutters, Large (WMSL) between Fiscal Year 2028 and 20",2026-10-06,2026-10-08
sam.gov,6644b742bf864ace8bbb188b7b8d321f,66--ACID VIALS,Us Geological Survey,SAM-014,Contract,Open,2026-10-08,,Any company,The purpose of this amendment is to correct a discrepancy in Attachment A-Final Questions and Answers from the revised report level table in Amendment 1. Please see Attachment 3A-Purpose of this Amendment 2 for details.,Contract (Solicitation),posted,2026-09-18,2026-10-08,,,,Any vendor,,NAICS 325199; PSC 6640,National,https://sam.gov/workspace/contract/opp/6644b742bf864ace8bbb188b7b8d321f/view,"The purpose of this amendment is to correct a discrepancy in Attachment A-Final Questions and Answers from the revised report level table in Amendment 1. Please see Attachment 3A-Purpose of this Amendment 2 for details. Blanket Purchase Agreement (BPA) for acid vials containing pre-filled acid solutions for USGS, National Water Quality Laboratory (NWQL) for use in Water Resource Discipline (WRD) water sampling and testing programs. 1. This RFQ seeks to establish a single award Blanket Purchase Agreement (BPA) for the supply of acid vials containing pre-filled acid solutions to support Water Re",2026-10-06,2026-10-08
sam.gov,7c43b3dd6a034d9c9e23e356521a3126,Oman Stevedoring and Related Terminal Services,Us Transportation Command (Ustranscom),SAM-097,Contract,Info request,2026-10-08,,Any company,"Provide Stevedoring and Related Terminal Services (S&RTS) handling the import and export of designated USG cargo throughout the Sultanate of Oman that includes the seaports of Duqm, Salalah, and Sohar, Thumrait Royal Airbase, Duqm International Airfield, and any other designated ...",Contract (Sources Sought),forecast,2026-09-24,2026-10-08,,,,Any vendor,,NAICS 488320; PSC V114,National,https://sam.gov/workspace/contract/opp/7c43b3dd6a034d9c9e23e356521a3126/view,"Provide Stevedoring and Related Terminal Services (S&RTS) handling the import and export of designated USG cargo throughout the Sultanate of Oman that includes the seaports of Duqm, Salalah, and Sohar, Thumrait Royal Airbase, Duqm International Airfield, and any other designated location within Oman. The contractor shall provide facility support, cargo security, customs clearance documentation and processing cargo from its reception by air/vessel to its disposition by inland transportation to/from all nodes as designated by the Contracting Officer (CO) or their appointed Contracting Officer’s ",2026-10-06,2026-10-08
sam.gov,7e749c04c1274cf5a61603ee6e354b7f,"43--SEPARATOR,WATER,LIQUID",Defense Logistics Agency,SAM-097,Contract,Open,2026-10-08,,Small businesses only,"Proposed procurement for NSN 4330014246740 SEPARATOR,WATER,LIQUID: Line 0001 Qty 1146 UI EA Deliver To: W1A8 DLA DISTRIBUTION By: 0310 DAYS ADO Approved source is 0BUN9 200257. The solicitation is an RFQ and will be available at the link provided in this notice.",Contract (Combined Synopsis/Solicitation),posted,2026-09-27,2026-10-08,,,,Small Business Set Aside - Total,,NAICS 333998; PSC 43,National,https://sam.gov/workspace/contract/opp/7e749c04c1274cf5a61603ee6e354b7f/view,"Proposed procurement for NSN 4330014246740 SEPARATOR,WATER,LIQUID: Line 0001 Qty 1146 UI EA Deliver To: W1A8 DLA DISTRIBUTION By: 0310 DAYS ADO Approved source is 0BUN9 200257. The solicitation is an RFQ and will be available at the link provided in this notice. Hard copies of this solicitation are not available. Specifications, plans, or drawings are not available. All responsible sources may submit a quote which, if timely received, shall be considered. Quotes must be submitted electronically.",2026-10-06,2026-10-08
sam.gov,8323bbe78aa74155bbc165ffb2713d07,Quick Acting Watertight Scuttle,Dept Of The Navy,SAM-017,Contract,Open,2026-10-08,,Small businesses only,This is a COMBINED SYNOPSIS/SOLICITATION for commercial items prepared in accordance with the information in Federal Acquisition Regulation (FAR) Part 13 using Simplified Acquisition Procedures (SAP).,Contract (Combined Synopsis/Solicitation),posted,2026-10-01,2026-10-08,,,,Small Business Set Aside - Total,,NAICS 332321; PSC 2040,National,https://sam.gov/workspace/contract/opp/8323bbe78aa74155bbc165ffb2713d07/view,This is a COMBINED SYNOPSIS/SOLICITATION for commercial items prepared in accordance with the information in Federal Acquisition Regulation (FAR) Part 13 using Simplified Acquisition Procedures (SAP). This announcement constitutes the only solicitation; a written solicitation will not be issued. PAPER COPIES OF THIS SOLICITATION WILL NOT BE AVAILABLE. This combined synopsis/solicitation will be posted to the System for Award Management at https://sam.gov/ and/or Procurement Integrated Enterprise Environment (PIEE) at https://piee.eb.mil. This is a combined synopsis/solicitation for commercial ,2026-10-06,2026-10-08
sam.gov,8ead2f71356641a18bd46382d227600a,Request for Whitepaper - AEDC Facility Digital Twins and Predictive Analytics,Dept Of The Air Force,SAM-057,Contract,Open,2026-10-08,,Any company,The Department of the Air Force is issuing this Request for Whitepapers to establish an Other Transaction Agreement (OTA) under 10 U.S.C. § 4022. See attachments for further information.,Contract (Solicitation),posted,2026-09-10,2026-10-08,,,,Any vendor,,NAICS 541330; PSC T013,"Arnold AFB, TN",https://sam.gov/workspace/contract/opp/8ead2f71356641a18bd46382d227600a/view,The Department of the Air Force is issuing this Request for Whitepapers to establish an Other Transaction Agreement (OTA) under 10 U.S.C. § 4022. See attachments for further information. AEDC Facility Digital Twins and Predictive Analytics site visit will be on 30 September 2026. To access the link for registation and the Q&As you must send an email to the Agreements Officer with your CAGE Code for validation prior to potential release.,2026-10-06,2026-10-08
sam.gov,8f19f18655964fed91704f730f9491bc,Fort Mifflin Sewage Lift Station,Dept Of The Army,SAM-021,Contract,Open,2026-10-08,,Small businesses only,Please see the Solicitation for the Fort Mifflin Sewage Lift Station Replacement Project with supporting Drawing and Specifications attachments.,Contract (Solicitation),posted,2026-09-23,2026-10-08,,,,Small Business Set Aside - Total,,NAICS 237110; PSC Y1ND,National,https://sam.gov/workspace/contract/opp/8f19f18655964fed91704f730f9491bc/view,Please see the Solicitation for the Fort Mifflin Sewage Lift Station Replacement Project with supporting Drawing and Specifications attachments. --------------------- Amendment 0001 - Revise Question Due Date to 1:00 PM Eastern Time on 22 Sep 2026 and Revise Bid Opening Date to 2:00 PM Eastern Time on 8 Oct 2026. ------------------------Amendment 0002 - Answer RFIs,2026-10-06,2026-10-08
sam.gov,94db1c5bba8341a2aefaa2f91667afe0,"HPACs AERP, Remove, Re-install, & Operational Testing",Dept Of The Navy,SAM-017,Contract,Coming soon,2026-10-08,,Any company,"The Pearl Harbor Naval Shipyard and Intermediate Maintenance Facility (PHNSY & IMF) is issuing a request for proposal (RFP) to Curtiss-Wright in accordance with RFO 6.103-1, for a Firm-Fixed price contract to perform the removal, installation, and operational testing of the ...",Contract (Solicitation),forecast,2026-09-14,2026-10-08,,,,Any vendor,,NAICS 336611; PSC J020,"JBPHH, HI",https://sam.gov/workspace/contract/opp/94db1c5bba8341a2aefaa2f91667afe0/view,"The Pearl Harbor Naval Shipyard and Intermediate Maintenance Facility (PHNSY & IMF) is issuing a request for proposal (RFP) to Curtiss-Wright in accordance with RFO 6.103-1, for a Firm-Fixed price contract to perform the removal, installation, and operational testing of the ship’s No. 1 and No. 2 High Pressure Air Compressors (HPACs) onboard a Los Angeles-Class Submarine. In accordance with CD202-O0017 (DFARS PGI 206.103-170(d)), a sources sought notice was posted on the Government Point of Entry, SAM.gov, from 25 August 2026 – 28 August 2026 to satisfy the requirement. The Government received",2026-10-06,2026-10-08
sam.gov,a600234b63db44d09ebd5e0a5c198582,58--OLES LONG RANGE MWIR THERMAL BINOCULARS,Bureau Of Land Management,SAM-014,Contract,Info request,2026-10-08,,Any company,"The Department of the Interior, Bureau of Land Management (BLM), intends to award a sole-source contract to Teledyne FLIR for three Recon HD high-definition, dual-sensor long-range thermal binocular/camera systems with 2× doubler lenses.",Contract (Special Notice),posted,2026-09-23,2026-10-08,,,,Any vendor,,NAICS 334511; PSC 5855,National,https://sam.gov/workspace/contract/opp/a600234b63db44d09ebd5e0a5c198582/view,"The Department of the Interior, Bureau of Land Management (BLM), intends to award a sole-source contract to Teledyne FLIR for three Recon HD high-definition, dual-sensor long-range thermal binocular/camera systems with 2× doubler lenses. BLM Law Enforcement currently utilizes legacy Teledyne FLIR Recon long-range, cooled mid-wave infrared (MWIR) thermal systems in remote and austere environments. These systems support law-enforcement missions including suspect detection and identification, detection of small unmanned aircraft systems (sUAS), operational overwatch, search-and-rescue, evidence c",2026-10-06,2026-10-08
sam.gov,e12d3a69775448cbb1e4b1e04bbd3d89,Standing_Timber_Invitation_for_Bids_MEARNG_Caswell_TS,Dept Of The Army,SAM-021,Contract,Open,2026-10-08,,Any company,"The U.S. Army Corps of Engineers is offering for sale one (1) item of standing timber on approximately 268.6 acres within three (3) harvest areas at the Maine Army National Guard, Aroostook County, Maine.",Contract (Combined Synopsis/Solicitation),posted,2026-09-04,2026-10-08,,,,Any vendor,,NAICS 113310; PSC 5510,"Caswell, ME",https://sam.gov/workspace/contract/opp/e12d3a69775448cbb1e4b1e04bbd3d89/view,"The U.S. Army Corps of Engineers is offering for sale one (1) item of standing timber on approximately 268.6 acres within three (3) harvest areas at the Maine Army National Guard, Aroostook County, Maine. Approximately the following volumes to be harvested from within the designated block boundaries: Butterfield Lake North Timber sale, timber is per unit any sawlogs sold on the MEARNG sliding scale– Contains within the harvest block approximately 2,049 Tons of designated Balsam Fir, 4,311 tons of Aspen, 1,401 tons of Mixed Hardwood and firewood, 3,449 tons Mixed Softwood Pulp, and 1,607 tons b",2026-10-06,2026-10-08
sam.gov,e13f139dc46d4b0cbff0070f7688773a,4610--NX EQ Water Purification Systems: RO: HEMO: Portable (VA-26-00041965),"Veterans Affairs, Department Of",SAM-036,Contract,Coming soon,2026-10-08,,Any company,Presolicitation Notice Presolicitation Notice Presolicitation Notice *=Required Field Presolicitation Notice DESCRIPTION Page 1 of Presolicitation Notice Presolicitation Notice Page 1 of This Notice of Intent to Sole Source is not a request for competitive quotations or ...,Contract (Presolicitation),forecast,2026-09-24,2026-10-08,,,,Any vendor,,NAICS 333310; PSC 4610,National,https://sam.gov/workspace/contract/opp/e13f139dc46d4b0cbff0070f7688773a/view,"Presolicitation Notice Presolicitation Notice Presolicitation Notice *=Required Field Presolicitation Notice DESCRIPTION Page 1 of Presolicitation Notice Presolicitation Notice Page 1 of This Notice of Intent to Sole Source is not a request for competitive quotations or proposals. The Department of Veterans Affairs intends to negotiate and award a firm fixed price sole source contract, in accordance with FAR 6.103 1, for the Evoqua Water Technologies, LLC EONÂ® Portable RO Water Purification System. The applicable North American Industry Classification System (NAICS) code is 333310 Commercial ",2026-10-06,2026-10-08
sam.gov,e6749a0ba8764caf8634b023175eb59e,"43--SEPARATOR,SLUDGE,COMPR",Defense Logistics Agency,SAM-097,Contract,Open,2026-10-08,,Any company,"Proposed procurement for NSN 4310014944275 SEPARATOR,SLUDGE,COMPR: Line 0001 Qty 2 UI EA Deliver To: GENERAL DEPOT OF NAVAL SUPPLIES By: 0020 DAYS ADO Approved sources are 0AT62 H37384P1; 8FGX3 H37384P1.",Contract (Combined Synopsis/Solicitation),posted,2026-09-27,2026-10-08,,,,Any vendor,,NAICS 333912; PSC 43,National,https://sam.gov/workspace/contract/opp/e6749a0ba8764caf8634b023175eb59e/view,"Proposed procurement for NSN 4310014944275 SEPARATOR,SLUDGE,COMPR: Line 0001 Qty 2 UI EA Deliver To: GENERAL DEPOT OF NAVAL SUPPLIES By: 0020 DAYS ADO Approved sources are 0AT62 H37384P1; 8FGX3 H37384P1. The solicitation is an RFQ and will be available at the link provided in this notice. Hard copies of this solicitation are not available. Specifications, plans, or drawings are not available. All responsible sources may submit a quote which, if timely received, shall be considered. Quotes must be submitted electronically.",2026-10-06,2026-10-08
sam.gov,e7d771cb8a8743f68412ad2ee88ad1ee,SOLICITATION NUMBER 387862 “LAW MELTER DISCHARGE CHAMBER THERMOCOUPLES AND THERMOWELLS”,"Energy, Department Of",SAM-089,Contract,Info request,2026-10-08,,Any company,"Hanford Tank Waste Operations & Closure, LLC (H2C) requests proposals for LAW Melter Discharge Chamber Thermocouples and Thermowells. The requested work is in support of H2C’s Prime Contract 89303324DEM000096 with the U.S. Department of Energy, Office of River Protection.",Contract (Sources Sought),forecast,2026-09-23,2026-10-08,,,,Any vendor,,NAICS 332999; PSC ,"Richland, WA",https://sam.gov/workspace/contract/opp/e7d771cb8a8743f68412ad2ee88ad1ee/view,"Hanford Tank Waste Operations & Closure, LLC (H2C) requests proposals for LAW Melter Discharge Chamber Thermocouples and Thermowells. The requested work is in support of H2C’s Prime Contract 89303324DEM000096 with the U.S. Department of Energy, Office of River Protection.",2026-10-06,2026-10-08
sam.gov,ebb932573a484bb5a8389f9f1740051b,"WON 1665555, FY24 AJJY183012 (P-012), PDI: NORTH AIRCRAFT PARKING RAMP, ANDERSEN AIR FORCE BASE, GUAM",Dept Of The Navy,SAM-017,Contract,Open,2026-10-08,,Any company,"The project is to construct an aircraft parking apron with associated taxiways and shoulders, utility yards, airfield fence, and hydrant fueling pits and piping required to accommodate bombers, tankers, and other aircraft.",Contract (Solicitation),posted,2026-10-06,2026-10-08,,,,Any vendor,,NAICS 237310; PSC Y1BD,"Yigo, GU",https://sam.gov/workspace/contract/opp/ebb932573a484bb5a8389f9f1740051b/view,"The project is to construct an aircraft parking apron with associated taxiways and shoulders, utility yards, airfield fence, and hydrant fueling pits and piping required to accommodate bombers, tankers, and other aircraft. Work should include all subgrade and subbase work, drainage, airfield lighting, grounding, mooring, markings, fencing, ramp area lighting, and other necessary airfield support.",2026-10-07,2026-10-08
sam.gov,ee45bf6b4bf34cc186186d914ed0f84e,FARO Target Scanning System,Dept Of The Air Force,SAM-057,Contract,Info request,2026-10-08,,Any company,"The Air Force Test Center Operational Contracting Division (AFTC/PZIOA) Eglin AFB, FL intends to award a sole source contract to FARO Technologies, Inc, 125 Technology Park Lake Mary, FL 32746, Cage # 0VGY2 to provide one target scanning system.",Contract (Special Notice),posted,2026-09-23,2026-10-08,,,,Any vendor,,NAICS 334519; PSC 6640,"Eglin AFB, FL",https://sam.gov/workspace/contract/opp/ee45bf6b4bf34cc186186d914ed0f84e/view,"The Air Force Test Center Operational Contracting Division (AFTC/PZIOA) Eglin AFB, FL intends to award a sole source contract to FARO Technologies, Inc, 125 Technology Park Lake Mary, FL 32746, Cage # 0VGY2 to provide one target scanning system. The anticipated contract will be a Firm Fixed Price (FFP) Commercial Purchase Order. The statutory authority which permits sole source for this acquisition is 41 United States Code (USC) 1901, as implemented by Federal Acquisition Regulation (FAR) 12.102(b), revised by the Office of the Under Secretary of Defense for Acquisition and Sustainment Memoran",2026-10-06,2026-10-08
sam.gov,f155400165df4a80954ebe7fc7324cfd,F103--Boiler Water Treatment Program,"Veterans Affairs, Department Of",SAM-036,Contract,Open,2026-10-08,,Any company,"Boiler Treatment Program located at the VA Illiana Health Care System in Danville, IL.",Contract (Solicitation),posted,2026-09-28,2026-10-08,,,,Any vendor,,NAICS 325998; PSC F103,National,https://sam.gov/workspace/contract/opp/f155400165df4a80954ebe7fc7324cfd/view,"Boiler Treatment Program located at the VA Illiana Health Care System in Danville, IL.",2026-10-06,2026-10-08
sam.gov,0e4f6c46e61f4bd289c258c53251ca9a,FA8601 - Industrial Water Treatment at Wright-Patterson AFB,Dept Of The Air Force,SAM-057,Contract,Open,2026-10-09,,Small businesses only,"COMBINED SYNOPSIS/SOLICITATION This is a combined synopsis/solicitation, which is expected to result in award of a Firm Fixed Price contract for commercial services, to provide industrial water treatment of cooling towers, package boilers, high temperature water (HTHW) central ...",Contract (Combined Synopsis/Solicitation),posted,2026-09-25,2026-10-09,,,,Small Business Set Aside - Total,,NAICS 221310; PSC S114,"Wright Patterson AFB, OH",https://sam.gov/workspace/contract/opp/0e4f6c46e61f4bd289c258c53251ca9a/view,"COMBINED SYNOPSIS/SOLICITATION This is a combined synopsis/solicitation, which is expected to result in award of a Firm Fixed Price contract for commercial services, to provide industrial water treatment of cooling towers, package boilers, high temperature water (HTHW) central heating plan, central steam plant, heat exchanger heating systems and closed loop systems at Wright-Patterson Air Force Base (WPAFB). Please see the attachment 3 – PWS Industrial Water Testing & Treatment for further description. The synopsis is prepared in accordance with the format in the Revolutionary FAR Overhaul (RF",2026-10-06,2026-10-08
sam.gov,10cf6c953bd4416bbf18aab7a434e921,LexisNexis Bridger Insight XG InstantID & Waterfall Co-Term RFQ,Federal Deposit Insurance Corporation,SAM-051,Contract,Open,2026-10-09,,Any company,"The Federal Deposit Insurance Corporation (FDIC) invites you to submit a quote in response to Request for Quote (RFQ) CORHQ-26-Q-0314 for LexisNexis Bridger Insight XG, InstantID and Waterfalls Software Support.",Contract (Solicitation),posted,2026-09-29,2026-10-09,,,,Any vendor,,NAICS 513210; PSC 7A21,"Arlington, VA",https://sam.gov/workspace/contract/opp/10cf6c953bd4416bbf18aab7a434e921/view,"The Federal Deposit Insurance Corporation (FDIC) invites you to submit a quote in response to Request for Quote (RFQ) CORHQ-26-Q-0314 for LexisNexis Bridger Insight XG, InstantID and Waterfalls Software Support. All proposals/quotes shall be submitted in strict adherence to the proposal instructions outlined in provision 7.3.2-09 “General Proposal Instructions – December 2023”, included in the referenced solicitation. The FDIC will respond to questions or requests for clarification submitted in writing by an offeror, regarding this solicitation. Questions or requests for clarification must be ",2026-10-06,2026-10-08
sam.gov,2cfe38968aaa47d39c40702720e1eeb1,Z--O¿Donnell Dam Stabilization and Erosion Control,Bureau Of Land Management,SAM-014,Contract,Open,2026-10-09,,Small businesses only,O'Donnell Dam Stabilization and Erosion Control,Contract (Solicitation),posted,2026-10-06,2026-10-09,,,,Small Business Set Aside - Total,,NAICS 237990; PSC Z2KA,National,https://sam.gov/workspace/contract/opp/2cfe38968aaa47d39c40702720e1eeb1/view,O'Donnell Dam Stabilization and Erosion Control,2026-10-07,2026-10-08
sam.gov,5db432233b1044568fb2dad6355f9f5f,Vessel Charter - Buoy Recovery and Deployment,National Oceanic And Atmospheric Administration,SAM-013,Contract,Open,2026-10-12,,Any company,"Vessel Charter - Buoy Recovery and Deployment - Santa Barbara, CA",Contract (Combined Synopsis/Solicitation),posted,2026-10-05,2026-10-12,,,,Any vendor,,NAICS 483111; PSC V124,National,https://sam.gov/workspace/contract/opp/5db432233b1044568fb2dad6355f9f5f/view,"Vessel Charter - Buoy Recovery and Deployment - Santa Barbara, CA",2026-10-06,2026-10-08
sam.gov,018c2dca68564eb59045b260de27b7ca,"Snow Removal and Salting Services, East Brimfield Lake, Fiskdale, MA",Dept Of The Army,SAM-021,Contract,Open,2026-10-13,,Small businesses only,"The U.S. Army Corps of Engineers - New England District is issuing a Solicitation Notice for Snow Removal and Salting Services, East Brimfield Lake, Fiskdale, MA.",Contract (Solicitation),posted,2026-10-01,2026-10-13,,,,Small Business Set Aside - Total,,NAICS 561730; PSC S218,"Fiskdale, MA",https://sam.gov/workspace/contract/opp/018c2dca68564eb59045b260de27b7ca/view,"The U.S. Army Corps of Engineers - New England District is issuing a Solicitation Notice for Snow Removal and Salting Services, East Brimfield Lake, Fiskdale, MA. THE WORK CONSISTS OF: Contractor shall provide all equipment, materials, labor, and transportation necessary to perform snow plowing, shoveling, salting, and snow removal services at the East Brimfield Lake project areas. This procurement is set-aside for small business vendors. The applicable NAICS code is 561730 with a Small Business Size Standard of $9.5 Million. ALL VENDORS MUST HAVE AN ACTIVE REGISTRATION IN SAM.GOV AT THE TIME ",2026-10-06,2026-10-08
sam.gov,12726dc0e217446cb484b216f77a31b1,Brake Press Trainer Sources Sought,Dept Of The Navy,SAM-017,Contract,Info request,2026-10-13,,Any company,"The Naval Air Warfare Center Training Systems Division (NAWCTSD), Orlando, Florida, is seeking information from potential sources capable of picking up two (2) Brake Press machines, each weighing 6,800 pounds, from a moving and storage company in Woodstock, Illinois; ...",Contract (Sources Sought),forecast,2026-10-07,2026-10-13,,,,Any vendor,,NAICS 333310; PSC 6930,"Great Lakes, IL",https://sam.gov/workspace/contract/opp/12726dc0e217446cb484b216f77a31b1/view,"The Naval Air Warfare Center Training Systems Division (NAWCTSD), Orlando, Florida, is seeking information from potential sources capable of picking up two (2) Brake Press machines, each weighing 6,800 pounds, from a moving and storage company in Woodstock, Illinois; transporting them to Naval Station Great Lakes, Illinois; and delivering and placing them in Building 239. This Request for Information (RFI) covers packing, transporting, delivering, and placing the brake presses in the designated training room. The contractor would provide all necessary packing materials and moving equipment, pr",2026-10-08,2026-10-08
sam.gov,38eb202f75924c428fe4568c65b0bb1c,"Stevedoring Services for Port of Bremerhaven, Germany",Us Transportation Command (Ustranscom),SAM-097,Contract,Open,2026-10-13,,Any company,Provide all Stevedoring and other associated vessel services for handling the import and export of designated USG cargo through the Port of Bremerhaven.,Contract (Solicitation),posted,2026-09-10,2026-10-13,,,,Any vendor,,NAICS 488320; PSC V114,Bremerhaven,https://sam.gov/workspace/contract/opp/38eb202f75924c428fe4568c65b0bb1c/view,Provide all Stevedoring and other associated vessel services for handling the import and export of designated USG cargo through the Port of Bremerhaven.,2026-10-06,2026-10-08
sam.gov,5e689af444f2452f8887d5f52da27a9d,"Snow Removal and Sanding Services, Hopkinton Lake, Hopkinton, NH",Dept Of The Army,SAM-021,Contract,Open,2026-10-13,,Small businesses only,"The U.S. Army Corps of Engineers - New England District is issuing a Solicitation Notice for Snow Removal and Sanding Services, Hopkinton Lake, Hopkinton, NH.",Contract (Solicitation),posted,2026-10-01,2026-10-13,,,,Small Business Set Aside - Total,,NAICS 561730; PSC S218,"Hopkinton, NH",https://sam.gov/workspace/contract/opp/5e689af444f2452f8887d5f52da27a9d/view,"The U.S. Army Corps of Engineers - New England District is issuing a Solicitation Notice for Snow Removal and Sanding Services, Hopkinton Lake, Hopkinton, NH. THE WORK CONSISTS OF: Contractor shall furnish all labor, materials and equipment necessary to perform snow plowing, shoveling and sanding /salting services at Hopkinton Lake Project area and portions of the Elm Brook Park in Hopkinton, NH. All work shall be completed in accordance with the Performance Work Statement. This procurement is set-aside for small business vendors. The applicable NAICS code is 561730 with a Small Business Size ",2026-10-06,2026-10-08
sam.gov,a4417bb71f6a4522bb6fe5dded44f47c,High Performance Search and Retrieval Software tool,Dept Of The Navy,SAM-017,Contract,Open,2026-10-13,,Any company,"The Naval Air Systems Command (NAVAIR) Lakehurst, NJ, intends to procure, through competition on a Fixed Price basis, a High Performance Search and Retrieval Software tool, which includes a comprehensive on-line subscription for parts logistics and acquisition-related data.",Contract (Combined Synopsis/Solicitation),posted,2026-09-28,2026-10-13,,,,Any vendor,,NAICS 519290; PSC DH10,National,https://sam.gov/workspace/contract/opp/a4417bb71f6a4522bb6fe5dded44f47c/view,"The Naval Air Systems Command (NAVAIR) Lakehurst, NJ, intends to procure, through competition on a Fixed Price basis, a High Performance Search and Retrieval Software tool, which includes a comprehensive on-line subscription for parts logistics and acquisition-related data. in support of the Engineering and Integration Division, NAWCAD Lakehurst, NJ. The Government intends to procure the item through a full and open competition. (i) THIS IS A COMBINED SYNOPSIS/SOLICITATION for Commercial items prepared in accordance with the format in Subpart 12.6, as supplemented with additional information i",2026-10-06,2026-10-08
sam.gov,bf17ec44cc2b4d98aa8138afd40bdcc3,"FORT PIERCE HARBOR MAINTENANCE DREDGING, ST. LUCIE COUNTY, FLORIDA",Dept Of The Army,SAM-021,Contract,Open,2026-10-13,,Any company,"PROJECT DESCRIPTION: Project work includes maintenance dredging of Fort Pierce Harbor with excavated material being placed onto Fort Pierce Beach. Due to the extensive hardbottom areas located offshore of the fill area, offshore pipeline access to the beach site is prohibited.",Contract (Solicitation),posted,2026-09-30,2026-10-13,,,,Any vendor,,NAICS 237990; PSC Z2KF,National,https://sam.gov/workspace/contract/opp/bf17ec44cc2b4d98aa8138afd40bdcc3/view,"PROJECT DESCRIPTION: Project work includes maintenance dredging of Fort Pierce Harbor with excavated material being placed onto Fort Pierce Beach. Due to the extensive hardbottom areas located offshore of the fill area, offshore pipeline access to the beach site is prohibited. Offloading the beach fill will be done inside the South Jetty of Fort Pierce Inlet, as shown on the drawings. A staging area and beach access to the beach placement area are located at the end of Seaway Drive and near the south jetty pumpout location. Work also includes but is not limited to environmental and water quali",2026-10-06,2026-10-08
sam.gov,f936a1f90f6642739cb06fa6900c2373,Water Filled Test Weight,Dept Of The Navy,SAM-017,Contract,Open,2026-10-13,,Small businesses only,PLEASE READ THIS ENTIRE NOTICE CAREFULLY AS IT CONSTITUES THE ONLY NOTICE THAT WILL BE ISSUED. This is a combined synopsis/solicitation for commercial products or commercial services prepared in accordance with part 12.,Contract (Combined Synopsis/Solicitation),posted,2026-10-06,2026-10-13,,,,Small Business Set Aside - Total,,NAICS 332439; PSC 6635,National,https://sam.gov/workspace/contract/opp/f936a1f90f6642739cb06fa6900c2373/view,PLEASE READ THIS ENTIRE NOTICE CAREFULLY AS IT CONSTITUES THE ONLY NOTICE THAT WILL BE ISSUED. This is a combined synopsis/solicitation for commercial products or commercial services prepared in accordance with part 12. This announcement constitutes the only solicitation; quotations are being requested and a written solicitation will not be issued. The Request for Quote (RFQ) Number is N66604-27-Q-0006. This requirement is being solicited as a 100% Small Business set-aside. The North American Industry Classification System (NAICS) Code for this acquisition is 332439; the Small Business Size St,2026-10-07,2026-10-08
sam.gov,33b98c53ed5646d3a06ce97146348b5d,"Inspection & Testing of Electric and Diesel Fire Pumps, Engines, Controllers, and Oil/Water Separator at NWS Earle, BLDG R38",Dept Of The Navy,SAM-017,Contract,Open,2026-10-14,,Small businesses only,"UPDATE AS OF 10/05/2026: 1. An additional Site Visit has been scheduled for Wednesday, 07 October 2026 at 1030 EST. Contractor will meet Gov. Representative at the Waterfront Visitor Control Center parking lot on Wednesday, 07 October at 1030 EST hours sharp.",Contract (Combined Synopsis/Solicitation),posted,2026-10-05,2026-10-14,,,,Small Business Set Aside - Total,,NAICS 811310; PSC H212,"Leonardo, NJ",https://sam.gov/workspace/contract/opp/33b98c53ed5646d3a06ce97146348b5d/view,"UPDATE AS OF 10/05/2026: 1. An additional Site Visit has been scheduled for Wednesday, 07 October 2026 at 1030 EST. Contractor will meet Gov. Representative at the Waterfront Visitor Control Center parking lot on Wednesday, 07 October at 1030 EST hours sharp. Do NOT go directly to the project site. All attendees will be escorted in a van provided by the Government: GPS: GPS: 801 Highway 36-N, Leonardo, NJ, 07737. All interested Contractors must send a list of attendees NLT 0800 EST, Wednesday, 07 October so that adequate transportation can be arranged to: Engineering Tech., Azeb Hailu (azeb.a.",2026-10-06,2026-10-08
sam.gov,40ddcb6c39d541bb9ea794193c53f7cc,Operation and Maintenance of Arkansas Lakes Project,Dept Of The Army,SAM-021,Contract,Open,2026-10-14,,Small businesses only,"***Amendment 0001*** Amendment 0001 has been posted to provide the site visit sign in sheet, and both power point presentations shown at the site visit. This amendment also extends the solicitation due date to 14 October 2026.",Contract (Solicitation),posted,2026-09-25,2026-10-14,,,,Small Business Set Aside - Total,,NAICS 561210; PSC S216,"Royal, AR",https://sam.gov/workspace/contract/opp/40ddcb6c39d541bb9ea794193c53f7cc/view,"***Amendment 0001*** Amendment 0001 has been posted to provide the site visit sign in sheet, and both power point presentations shown at the site visit. This amendment also extends the solicitation due date to 14 October 2026. ***Notice*** The site visit will be held on Tuesday, September 15, 2026, beginning at 0900 hrs. Address of site visit is Lake Ouachita Field Office, 1424 Blakely Dam Rd, Royal AR 71968. This is a 100% total small business set-aside procurement issued under NAICS code 561210, Facilities Support Services by the U.S. Army Corps of Engineers, Vicksburg District (MVK). The U.",2026-10-06,2026-10-08
sam.gov,af11bb9080dd4cbcaff2c13068b43542,"Inspection & Testing of Electric and Diesel Fire Pumps, Engines, Controllers, and Oil/Water Separator at NWS Earle, BLDG R38",Dept Of The Navy,SAM-017,Contract,Open,2026-10-14,,Small businesses only,UPDATE AS OF 10/07/2026: RFI Response #2 and a picture for reference has been uploaded as of 10/07/26. Proposal Due Date REMAINS 16 October 2026 NLT 1100 EST. There is no amendment associated with this update. UPDATE AS OF 10/05/2026: 1.,Contract (Combined Synopsis/Solicitation),posted,2026-10-07,2026-10-14,,,,Small Business Set Aside - Total,,NAICS 811310; PSC H212,"Leonardo, NJ",https://sam.gov/workspace/contract/opp/af11bb9080dd4cbcaff2c13068b43542/view,"UPDATE AS OF 10/07/2026: RFI Response #2 and a picture for reference has been uploaded as of 10/07/26. Proposal Due Date REMAINS 16 October 2026 NLT 1100 EST. There is no amendment associated with this update. UPDATE AS OF 10/05/2026: 1. An additional Site Visit has been scheduled for Wednesday, 07 October 2026 at 1030 EST. Contractor will meet Gov. Representative at the Waterfront Visitor Control Center parking lot on Wednesday, 07 October at 1030 EST hours sharp. Do NOT go directly to the project site. All attendees will be escorted in a van provided by the Government: GPS: GPS: 801 Highway ",2026-10-08,2026-10-08
sam.gov,a8079f945ee342c087a9f5aeda00ad2f,9-Mile Pump Station,Dept Of The Army,SAM-021,Contract,Open,2026-10-15,,Any company,"****Amendment 0003 is being issued on September 24, 2026. The bid inquiry is reopen until October 01, 2026. ***Amendment 0002 is being issued on September 18, 2026.",Contract (Solicitation),posted,2026-09-24,2026-10-15,,,,Any vendor,,NAICS 237110; PSC Y1NZ,National,https://sam.gov/workspace/contract/opp/a8079f945ee342c087a9f5aeda00ad2f/view,"****Amendment 0003 is being issued on September 24, 2026. The bid inquiry is reopen until October 01, 2026. ***Amendment 0002 is being issued on September 18, 2026. The Bid Inquiry will remain closed at this time, and will be reopened upon the issuance of a forthcoming amendment.**** ***Amendment 0001 is being issued on September 11, 2026. The Bid Inquiry will remain closed at this time, and will be reopened upon the issuance of a forthcoming amendment. *** The U.S. Army Corps of Engineers (USACE) Detroit District, in partnership with the Macomb County Public Works (MCPW), is seeking contracto",2026-10-06,2026-10-08
sam.gov,fe260fdca8fd47dd8c0513aabf02d2a3,USCG Cutter Eagle New Dredging for Berthing at New London City Pier,Us Coast Guard,SAM-070,Contract,Coming soon,2026-10-15,,Small businesses only,"Eagle Pier New Dredging (FY26) at New London’s City Pier, CT (NEW LONDON COUNTY), PSN #24014900. Contractor shall provide all personnel, equipment, materials, and all other items and services required to perform dredging of a new area immediately south of CGC EAGLE’s berth at ...",Contract (Solicitation),forecast,2026-09-11,2026-10-15,,,,Small Business Set Aside - Total,,NAICS 23799; PSC Z1KF,"New London, CT",https://sam.gov/workspace/contract/opp/fe260fdca8fd47dd8c0513aabf02d2a3/view,"Eagle Pier New Dredging (FY26) at New London’s City Pier, CT (NEW LONDON COUNTY), PSN #24014900. Contractor shall provide all personnel, equipment, materials, and all other items and services required to perform dredging of a new area immediately south of CGC EAGLE’s berth at New London’s City Pier. The intent is to deepen the area to allow tugboats to assist the cutter for mooring/unmooring at all tide levels. Requirements of the design specify dredging to a depth of -17.0’ at Mean Lower Low Water (MLLW) +2.0’ over dredging allowance. This equates to approximately 3,700 cubic yards (CY) of dr",2026-10-06,2026-10-08
sam.gov,0f2fea5bed11486f9e70390bb0d07105,Solicitation - BWT Operation and Maintenance,Dept Of The Army,SAM-021,Contract,Open,2026-10-16,,Small businesses only,"SOLICITATION - OPERATIONS AND MAINTENANCE OF GOVERNMENT-OWNED FACILITIES AND EQUIPMENT, BLACK WARRIOR- TOMBIGBEE AND ALABAMA RIVER WATERWAYS PROJECT FACILITIES, ALABAMA - Furnish all planning, supervision, administration, labor, equipment, material, supplies, replacement or ...",Contract (Solicitation),posted,2026-09-17,2026-10-16,,,,Small Business Set Aside - Total,,NAICS 561210; PSC M1PA,National,https://sam.gov/workspace/contract/opp/0f2fea5bed11486f9e70390bb0d07105/view,"SOLICITATION - OPERATIONS AND MAINTENANCE OF GOVERNMENT-OWNED FACILITIES AND EQUIPMENT, BLACK WARRIOR- TOMBIGBEE AND ALABAMA RIVER WATERWAYS PROJECT FACILITIES, ALABAMA - Furnish all planning, supervision, administration, labor, equipment, material, supplies, replacement or repair parts, and all things necessary for the Operations and Maintenance of Government-Owned Facilities and Equipment, Black Warrior- Tombigbee and Alabama River Waterways Project Facilities, Alabama. The project is geographically spread out over 13 counties in Alabama: Washington, Clarke, Marengo, Choctaw, Sumter, Hale, G",2026-10-06,2026-10-08
sam.gov,29c2be5da1eb46598f100692bdd26c21,Homeland Security Cutter - Light Icebreaker (HSC-L) Solicitation,Us Coast Guard,SAM-070,Contract,Open,2026-10-16,,Small businesses only,The United States Coast Guard (USCG) is issuing Request for Proposals (RFP) No. 70Z02326R93280004 for the Homeland Security Cutter - Light Icebreaker (HSC-L) acquisition.,Contract (Solicitation),posted,2026-10-02,2026-10-16,,,,Small Business Set Aside - Total,,NAICS 336611; PSC 1925,National,https://sam.gov/workspace/contract/opp/29c2be5da1eb46598f100692bdd26c21/view,"The United States Coast Guard (USCG) is issuing Request for Proposals (RFP) No. 70Z02326R93280004 for the Homeland Security Cutter - Light Icebreaker (HSC-L) acquisition. The Government intends to award an Indefinite-Delivery, Indefinite-Quantity (IDIQ) contract for the design, production, testing, delivery, and related supplies and services for HSC-L vessels in accordance with the solicitation. This solicitation uses a two-phase advisory down-select process. Phase 1 proposals are due by the date and time stated in this notice and the solicitation. Following Phase 1 evaluations, the Government",2026-10-06,2026-10-08
sam.gov,2bea6e945f9442849a673631251fa774,Ensley Engineer Yard East Connector Bridge,Dept Of The Army,SAM-021,Contract,Open,2026-10-16,,Small businesses only,"The purpose of this amendment is to provide the drawings/plans for the U.S. Army Corps of Engineers, Memphis District, Ensley Engineer Yard East Connector Bridge requirement.",Contract (Solicitation),posted,2026-09-17,2026-10-16,,,,Small Business Set Aside - Total,,NAICS 332312; PSC 5420,National,https://sam.gov/workspace/contract/opp/2bea6e945f9442849a673631251fa774/view,"The purpose of this amendment is to provide the drawings/plans for the U.S. Army Corps of Engineers, Memphis District, Ensley Engineer Yard East Connector Bridge requirement. The work includes furnishing all labor, materials, tools, and equipment to complete the work as shown and as specified for the Ensley East Connector Bridge, and incidental related work. The work involves fabrication and delivery to the project site of a new steel East connector Bridge which includes two east connector bridge spans (waterside and landside), middle support float, and middle support fixed based, and parts sh",2026-10-06,2026-10-08
sam.gov,2d31d3f55a63487ba593281513d2f0dd,"Snow Removal Services, Edward MacDowell Lake, Peterborough, NH",Dept Of The Army,SAM-021,Contract,Open,2026-10-16,,Small businesses only,"THE WORK CONSISTS OF: Provide all equipment, materials, labor, and transportation necessary to perform snow plowing services at the Edward MacDowell Lake Project area in Peterborough, NH. This procurement is set-aside for small business vendors.",Contract (Solicitation),posted,2026-10-06,2026-10-16,,,,Small Business Set Aside - Total,,NAICS 561730; PSC S218,National,https://sam.gov/workspace/contract/opp/2d31d3f55a63487ba593281513d2f0dd/view,"THE WORK CONSISTS OF: Provide all equipment, materials, labor, and transportation necessary to perform snow plowing services at the Edward MacDowell Lake Project area in Peterborough, NH. This procurement is set-aside for small business vendors. The applicable NAICS code is 561730 with a Small Business Size Standard of $9.5 Million. ALL VENDORS MUST HAVE AN ACTIVE REGISTRATION IN SAM.GOV AT THE TIME OF SUBMISSION IN ORDER TO BE CONSIDERED. ANY VENDOR THAT DOES NOT HAVE AN ACTIVE SAM.GOV REGISTRATION WILL BE REJECTED AS NON RESPONSIVE.",2026-10-07,2026-10-08
sam.gov,efce822d70c5429b9b6cf1af7f94222a,"DPM Household Goods Packing, Moving, and Storage",Dept Of The Navy,SAM-017,Contract,Open,2026-10-19,,Any company,Amendment 1 of the solicitation to: Add a response date for questions of 07 oct 2026 Correct the response time from AM to PM. Add 2.04.2 Attachment (1) - Pricing Worksheet V2 due to excel formula error on Item 4. 2.04.21 Attachment (20) - DPM PWS V2 which removes the comments.,Contract (Combined Synopsis/Solicitation),posted,2026-10-05,2026-10-19,,,,Any vendor,,NAICS 484210; PSC V003,"Honolulu, HI",https://sam.gov/workspace/contract/opp/efce822d70c5429b9b6cf1af7f94222a/view,"Amendment 1 of the solicitation to: Add a response date for questions of 07 oct 2026 Correct the response time from AM to PM. Add 2.04.2 Attachment (1) - Pricing Worksheet V2 due to excel formula error on Item 4. 2.04.21 Attachment (20) - DPM PWS V2 which removes the comments. Combine Synopsis and Solicitation for commercial packing, containerization, and local drayage services Solicitation Number: N0060426R0003 Issuing Agency: NAVSUP Fleet Logistics Center Pearl Harbor Point of Contact: Kyle Quintal Contact Info: kyle.p.quintal.civ@us.navy.mil | (808) 603-7606 Questions regarding this procure",2026-10-06,2026-10-08
sam.gov,561fd2b44c524158a2dfc8ec6ebb0abe,FortiNet FortiGate Software License Renewals,Dept Of The Navy,SAM-017,Contract,Open,2026-10-21,,Any company,*****THE PROPOSAL SUBMISSION DEADLINE WILL BE EXTENDED TILL 10/21/26 AT 4PM TO ALLOW FOR A POTENTIAL SOLICITATION AMENDMENT TO BE POSTED. ****THIS IS A LIMITED COMPETITION FOR ONLY VENDORS THAT ARE ON THE FORTINET FEDERAL PARTNERS LIST.,Contract (Solicitation),posted,2026-10-06,2026-10-21,,,,Any vendor,,NAICS 51321; PSC 7A21,"Patuxent River, MD",https://sam.gov/workspace/contract/opp/561fd2b44c524158a2dfc8ec6ebb0abe/view,"*****THE PROPOSAL SUBMISSION DEADLINE WILL BE EXTENDED TILL 10/21/26 AT 4PM TO ALLOW FOR A POTENTIAL SOLICITATION AMENDMENT TO BE POSTED. ****THIS IS A LIMITED COMPETITION FOR ONLY VENDORS THAT ARE ON THE FORTINET FEDERAL PARTNERS LIST. PROPOSALS RECIEVED FROM VENDORS THAT ARE NOT ON THE FEDERAL PARTNERS LIST WILL NOT BE CONSIDERED*** The Naval Air Systems Command (NAVAIR) at Patuxent River, MD has a requirement to procure FortiNet FortiGate software license support and subscription renewals to support the communications security for the P-8A Poseidon aircraft. This effort will support the req",2026-10-07,2026-10-08
sam.gov,774a590a3b5c49d09b91151b1c8da3c4,"OR FLAP DOT CRGNSA 100(7), Historic Columbia River Highway State Trail, Mitchell Point Dr. to Ruthton Trailhead",Federal Highway Administration,SAM-069,Contract,Coming soon,2026-10-21,,Small businesses only,"Invitation for Bids (IFB) for construction project OR FLAP DOT CRGNSA 100(7), Historic Columbia River Highway State Trail, Mitchell Point Dr. to Ruthton Trailhead The Invitation for Bids (IFB), Plans, Physical Data, and the Construction Contract Administration Document per FAR ...",Contract (Solicitation),forecast,2026-09-18,2026-10-21,,,,Small Business Set Aside - Total,,NAICS 237310; PSC Y1LB,"Hood River, OR",https://sam.gov/workspace/contract/opp/774a590a3b5c49d09b91151b1c8da3c4/view,"Invitation for Bids (IFB) for construction project OR FLAP DOT CRGNSA 100(7), Historic Columbia River Highway State Trail, Mitchell Point Dr. to Ruthton Trailhead The Invitation for Bids (IFB), Plans, Physical Data, and the Construction Contract Administration Document per FAR 36.211 are posted under attachments.",2026-10-06,2026-10-08
sam.gov,43b65120dbfe4c9a958dab18b1fc8c27,"TRANSDUCER,MOTIONAL",Defense Logistics Agency,SAM-097,Contract,Open,2026-10-22,,Any company,ITEM UNIQUE IDENTIFICATION AND VALUATION (JAN 2023)|19|||||||||||||||||||| INSPECTION OF SUPPLIES--FIXED-PRICE (AUG 1996)|2||| INSPECTION AND ACCEPTANCE - SHORT VERSION|8|X||X|||||| WIDE AREA WORKFLOW PAYMENT INSTRUCTIONS (JAN 2023)|16|INVOICE AND RECEIVING REPORT ...,Contract (Solicitation),posted,2026-10-01,2026-10-22,,,,Any vendor,,NAICS 334515; PSC 6695,National,https://sam.gov/workspace/contract/opp/43b65120dbfe4c9a958dab18b1fc8c27/view,ITEM UNIQUE IDENTIFICATION AND VALUATION (JAN 2023)|19|||||||||||||||||||| INSPECTION OF SUPPLIES--FIXED-PRICE (AUG 1996)|2||| INSPECTION AND ACCEPTANCE - SHORT VERSION|8|X||X|||||| WIDE AREA WORKFLOW PAYMENT INSTRUCTIONS (JAN 2023)|16|INVOICE AND RECEIVING REPORT (COMBO)||TBD|SPRMM1|TBD|TBD|TBD|TBD|||TBD|||||TBD| MANDATORY USE OF WORKFLOW PRO (WFP) MOD ASSIST MODULE|1|ZIE| NOTICE OF CYBERSECURITY MATURITY MODEL CERTIFICATION LEVEL REQUIREMENTS (NOV 2025))|1|| PREFERENCE FOR PRIVATELY OWNED U.S.-FLAG COMMERCIAL VESSELS (DEV 2026-O0047)(MAR 2026))|2||| SECURITY PROHIBITIONS AND EXCLUSIONS (CLAS,2026-10-06,2026-10-08
sam.gov,a8c61d50a50f42fdaa4811646d69c068,Norfolk CSRM - PH1A - Floodwall Construction SATOC DBB,Dept Of The Army,SAM-021,Contract,Info request,2026-10-22,,Any company,"The U.S. Army Corps of Engineers (USACE) Norfolk District is scheduled to host an “Industry Day” event on October 29, 2026, from 9:30 a.m. to 11:30 a.m., Eastern Daylight Time (EDT) for construction contractors interested in the Norfolk CSRM Phase 1A Project.",Contract (Special Notice),forecast,2026-10-01,2026-10-22,,,,Any vendor,,NAICS 237990; PSC Y1PZ,"Norfolk, VA",https://sam.gov/workspace/contract/opp/a8c61d50a50f42fdaa4811646d69c068/view,"The U.S. Army Corps of Engineers (USACE) Norfolk District is scheduled to host an “Industry Day” event on October 29, 2026, from 9:30 a.m. to 11:30 a.m., Eastern Daylight Time (EDT) for construction contractors interested in the Norfolk CSRM Phase 1A Project. The event will provide an opportunity for Large and Small Business contractors to learn about the upcoming construction project. The one-day event will include a presentation encompassing a brief overview of the Norfolk CSRM program, Phase 1A contracts with a focus on Phase 1A Floodwall SATOC, followed by a live Q&A session. Please submit",2026-10-06,2026-10-08
sam.gov,65e175238a214eccbdcfbb28b53ed14f,"USACE SPK DBB Construction - Sacramento River East Levee Contract 5 (SREL C5), Sacramento, California",Dept Of The Army,SAM-021,Contract,Info request,2026-10-23,,Any company,"This Sources Sought Notice is being issued for market research purposes to determine the availability, capability, and interest of small business firms for a potential Government requirement. NO SOLICITATION IS AVAILABLE; requests for a solicitation will go unanswered.",Contract (Sources Sought),forecast,2026-10-07,2026-10-23,,,,Any vendor,,NAICS 237990; PSC Y1LC,National,https://sam.gov/workspace/contract/opp/65e175238a214eccbdcfbb28b53ed14f/view,"This Sources Sought Notice is being issued for market research purposes to determine the availability, capability, and interest of small business firms for a potential Government requirement. NO SOLICITATION IS AVAILABLE; requests for a solicitation will go unanswered. No award will be made from this Notice. Responses will be used to determine potential acquisition strategies, understand current market capabilities, and to gain knowledge of potential sources. Please refer to Attachment with this posting for additional requirement details and capability statement submission requirements. Respon",2026-10-08,2026-10-08
sam.gov,a7188191ecd447a2b3df337c5b4583d2,ntent to Sole Source Preventive Maintenance (PM) X5000 Computed Tomography X-Ray System,Dept Of The Navy,SAM-017,Contract,Open,2026-10-23,,Any company,"The Fleet Readiness Center Procurement Group, Patuxent River, Maryland, hereby gives notice of their intent to award a sole-source purchase order to North Star Imaging, Inc.",Contract (Combined Synopsis/Solicitation),posted,2026-10-07,2026-10-23,,,,Any vendor,,NAICS 811310; PSC J036,"Patuxent River, MD",https://sam.gov/workspace/contract/opp/a7188191ecd447a2b3df337c5b4583d2/view,"The Fleet Readiness Center Procurement Group, Patuxent River, Maryland, hereby gives notice of their intent to award a sole-source purchase order to North Star Imaging, Inc. (CAGE Code 0KGB3), pursuant to FAR 6.103-1(b), on the basis that only one responsible source is reasonably available and no other supplies or services will satisfy agency requirements. Market research indicates that North Star Imaging, Inc., the original equipment manufacturer (OEM), is the only source capable of providing the required services. Commander, Fleet Readiness Center (COMFRC), Patuxent River, requires preventiv",2026-10-08,2026-10-08
sam.gov,0fd9c768b982494cb07fb06e5743eae4,Cisco Branch Ontonagon River Bridge Replacement,Forest Service,SAM-012,Contract,Open,2026-10-26,,Small businesses only,This is a combined synopsis/solicitation for commercial items prepared in accordance with the format in FAR Part 12. This announcement constitutes the only solicitation. Quotations are being requested and a separate written solicitation will not be issued.,Contract (Combined Synopsis/Solicitation),posted,2026-10-05,2026-10-26,,,,Small Business Set Aside - Total,,NAICS 237310; PSC Y1LB,"Watersmeet, MI",https://sam.gov/workspace/contract/opp/0fd9c768b982494cb07fb06e5743eae4/view,"This is a combined synopsis/solicitation for commercial items prepared in accordance with the format in FAR Part 12. This announcement constitutes the only solicitation. Quotations are being requested and a separate written solicitation will not be issued. Solicitation number 12445527Q0001 is issued as a Request for Quotation (RFQ) For the Removal and replacement of an existing concrete bridge with a 70 foot (overall length) single span concrete I-girder bridge with a concrete deck, concrete abutments, and H-pile foundations. This acquisition is set-aside for small business concerns. The appli",2026-10-06,2026-10-08
sam.gov,4340c4c8c4424931883d9b36f06d2963,"Design and Construction of Levee Access Manholes for Fairfax-Jersey Creek Levee Unit (Kansas City, Kansas)",Dept Of The Army,SAM-021,Contract,Open,2026-10-26,,Any company,"Levee Access Manholes for Fairfax-Jersey Creek Levee Unit. The U.S. Army Corps of Engineers, Kansas City District, has a need for design-build construction services to install access manholes to facilitate access to an existing seepage collection system in the levee.",Contract (Solicitation),posted,2026-10-06,2026-10-26,,,,Any vendor,,NAICS 237990; PSC Y1PZ,National,https://sam.gov/workspace/contract/opp/4340c4c8c4424931883d9b36f06d2963/view,"Levee Access Manholes for Fairfax-Jersey Creek Levee Unit. The U.S. Army Corps of Engineers, Kansas City District, has a need for design-build construction services to install access manholes to facilitate access to an existing seepage collection system in the levee. Invasive mass excavation methods such as trenching will not be allowed. Minimally invasive excavation methods are required. The location is the Fairfax-Jersey Creek Levee Unit on the Missouri River in Kansas City, Kansas. The requirements are described in more detail in this solicitation. The North American Industry Classification",2026-10-07,2026-10-08
sam.gov,9fbec5bc186b4450bf426f8c3ebe3e78,"Design and Construction of Levee Access Manholes for Fairfax-Jersey Creek Levee Unit (Kansas City, Kansas)",Dept Of The Army,SAM-021,Contract,Open,2026-10-26,,Any company,"Levee Access Manholes for Fairfax-Jersey Creek Levee Unit. The U.S. Army Corps of Engineers, Kansas City District, has a need for design-build construction services to install access manholes to facilitate access to an existing seepage collection system in the levee.",Contract (Solicitation),posted,2026-10-07,2026-10-26,,,,Any vendor,,NAICS 237990; PSC Y1PZ,National,https://sam.gov/workspace/contract/opp/9fbec5bc186b4450bf426f8c3ebe3e78/view,"Levee Access Manholes for Fairfax-Jersey Creek Levee Unit. The U.S. Army Corps of Engineers, Kansas City District, has a need for design-build construction services to install access manholes to facilitate access to an existing seepage collection system in the levee. Invasive mass excavation methods such as trenching will not be allowed. Minimally invasive excavation methods are required. The location is the Fairfax-Jersey Creek Levee Unit on the Missouri River in Kansas City, Kansas. The requirements are described in more detail in this solicitation. The North American Industry Classification",2026-10-08,2026-10-08
sam.gov,8e92004d969d4ab59e9ce1976905300d,Sewage Ejector and Line Assessment,Dept Of The Army,SAM-021,Contract,Open,2026-10-28,,Any company,"This scope of work requires the contractor to locate, inspect, and modify an unmapped 700 to 800 foot concrete-encased four inch cast iron sewer line and its associated distribution box, with mandatory Government presence during all site inspections.",Contract (Solicitation),posted,2026-09-28,2026-10-28,,,,Any vendor,,NAICS 237110; PSC J045,National,https://sam.gov/workspace/contract/opp/8e92004d969d4ab59e9ce1976905300d/view,"This scope of work requires the contractor to locate, inspect, and modify an unmapped 700 to 800 foot concrete-encased four inch cast iron sewer line and its associated distribution box, with mandatory Government presence during all site inspections. Key tasks include installing concrete-encased Schedule 40 PVC double-Y clean-outs every 300 feet, exposing and inspecting the distribution box and its 2009 leach field connections, and extending the box cover using a riser and structural cover rated for three ton vehicle traffic protected by four concrete-encased steel safety-yellow bollards. All ",2026-10-06,2026-10-08
sam.gov,ee425e7c0a324e56ad9715e3694dc391,Multiple Award IDIQ Contract for Design Build & General Construction Services - New York & New Jersey,Public Buildings Service,SAM-047,Contract,Coming soon,2026-10-28,,Small businesses only,1. GENERAL INFORMATION Point of contact: Belkys H. Torres Rivera; belkys.torresrivera@gsa.gov Set-Aside: The Procurement will be a Total Small Business Set-Aside. See Set Aside Requirements below. PSC Code: Z2AA NAICS Code: 236220 Small Business Size Standard: $45M 2.,Contract (Solicitation),forecast,2026-09-28,2026-10-28,,,,Small Business Set Aside - Total,,NAICS 236220; PSC Z2AA,"New York, NY",https://sam.gov/workspace/contract/opp/ee425e7c0a324e56ad9715e3694dc391/view,"1. GENERAL INFORMATION Point of contact: Belkys H. Torres Rivera; belkys.torresrivera@gsa.gov Set-Aside: The Procurement will be a Total Small Business Set-Aside. See Set Aside Requirements below. PSC Code: Z2AA NAICS Code: 236220 Small Business Size Standard: $45M 2. ACQUISITION DETAILS 2.1 Scope of Work This is a Multiple Award Indefinite Delivery/Indefinite Quantity (IDIQ) General Construction and Design-Build Construction Services Contract for Federally-Owned and Federally-Leased Space located within Zone 1, Zone 2, Zone 3 and Zone 4. IDIQ Contractors will be offered the opportunity to sub",2026-10-06,2026-10-08
sam.gov,6d03954a2f8a4c4b8206cf8d356558c0,PMCP-SS_RFP,Us Special Operations Command (Ussocom),SAM-097,Contract,Open,2026-10-29,,Small businesses only,"The purpose of this effort is to provide program and product management support, development, product improvement, training, testing, acquisition support, and other related management, technical and engineering support services to the SOF ATL PMCP in support of ...",Contract (Solicitation),posted,2026-09-29,2026-10-29,,,,Small Business Set Aside - Total,,NAICS 541330; PSC R425,National,https://sam.gov/workspace/contract/opp/6d03954a2f8a4c4b8206cf8d356558c0/view,"The purpose of this effort is to provide program and product management support, development, product improvement, training, testing, acquisition support, and other related management, technical and engineering support services to the SOF ATL PMCP in support of Counterproliferation (CP), Counter Radio Controlled Improvised Explosive Devices (RCIED), Explosive Ordinance Disposal (EOD), Multi-Mission Electron Countermeasures (MM-ECM), Electromagnetic Warfare (EW), and Counter Unmanned Systems (CUxS) missions. To obtain access to the restricted RFP documents (Attachments 1, 1a, 1b, 1c, 2, and 3),",2026-10-06,2026-10-08
sam.gov,16a991e6ffbc47bba3c27b5f40193a1b,"USACE SPK DB Construction - Natomas NPP Named Pumping Plants - Sacramento, CA",Dept Of The Army,SAM-021,Contract,Open,2026-11-03,,Any company,"USACE SPK requires a design-bid-build (DBB)construction services to renovate three (3) critical irrigation pumping stations - the Elkhorn, Riverside, and Pritchard Pumping Plants - located along the Garden Highway Levee in the Natomas region of Sacramento, California.",Contract (Solicitation),posted,2026-09-18,2026-11-03,,,,Any vendor,,NAICS 237990; PSC Z2NE,National,https://sam.gov/workspace/contract/opp/16a991e6ffbc47bba3c27b5f40193a1b/view,"USACE SPK requires a design-bid-build (DBB)construction services to renovate three (3) critical irrigation pumping stations - the Elkhorn, Riverside, and Pritchard Pumping Plants - located along the Garden Highway Levee in the Natomas region of Sacramento, California. The project requires removing existing discharge piping that currently penetrates through the levees and installing new discharge piping that traverses over the levees to connect to existing landside irrigation canals, as well as conducting levee excavation, backfilling, pavement restoration, and utility relocation. North America",2026-10-06,2026-10-08
sam.gov,e8dad583ebc74e36955cbd5b51d9802a,Non-Emergent Ambulance Transport Services for Fayetteville VAMC,"Veterans Affairs, Department Of",SAM-036,Contract,Open,2026-11-06,,Any company,"The Fayetteville NC VA Coastal Healthcare System VA Medical Center (hereafter FNCVACHCS), and its associated Community-Based Outpatient Clinics (CBOCs), and affiliated healthcare clinics require contracted Non-Emergent Ambulance Transportation services.",Contract (Solicitation),posted,2026-10-06,2026-11-06,,,,Any vendor,,NAICS 621910; PSC V225,"Fayetteville, NC",https://sam.gov/workspace/contract/opp/e8dad583ebc74e36955cbd5b51d9802a/view,"The Fayetteville NC VA Coastal Healthcare System VA Medical Center (hereafter FNCVACHCS), and its associated Community-Based Outpatient Clinics (CBOCs), and affiliated healthcare clinics require contracted Non-Emergent Ambulance Transportation services. The contractor shall provide all vehicles, personnel, management, supplies, equipment, and necessary reporting for the provision of Stretcher Transports, Basic Life Support (BLS), Advanced Life Support (ALS), Specialty Care Transport (SCT) or Critical Care Transport (CCT) services. The contactor shall make these ambulance services available to ",2026-10-07,2026-10-08
sam.gov,f8d017fe80db48528520baa5a3a2c5ee,USCG Response Boat Small Third Generation (RB-S III),Us Coast Guard,SAM-070,Contract,Open,2026-11-13,,Small businesses only,The United States Coast Guard (USCG) is issuing Request for Proposals (RFP) No. 70Z02326R93250001 for the Response Boat Small Third Generation (RB-S III).,Contract (Solicitation),posted,2026-09-30,2026-11-13,,,,Small Business Set Aside - Total,,NAICS 336612; PSC 1940,National,https://sam.gov/workspace/contract/opp/f8d017fe80db48528520baa5a3a2c5ee/view,"The United States Coast Guard (USCG) is issuing Request for Proposals (RFP) No. 70Z02326R93250001 for the Response Boat Small Third Generation (RB-S III). The Government intends to award up to four (4) Indefinite-Delivery, Indefinite-Quantity (IDIQ) contracts for the design, production, testing, delivery, and related supplies and services for the RB-S III and associated purpose-built trailers in accordance with the solicitation. The acquisition will recapitalize the aging fleet of 29-foot RB-S II platforms and includes boats, trailers, logistics support, technical documentation, configuration ",2026-10-06,2026-10-08
sam.gov,96c469ff095145438c5d1b77fe7cd7a8,3389 Large Class Hopper Dredge (LCHD-ESS),Dept Of The Army,SAM-021,Contract,Open,2027-03-15,,Any company,***** AMENDMENT 0002 ATTACHED********* *****AMENDMENT 0001 ATTACHED******This is a combined synopsis/solicitation for commercial products prepared in accordance with part 12 under NAICS code 336611 Ship Building and Repair. This announcement constitutes the only solicitation.,Contract (Combined Synopsis/Solicitation),posted,2026-09-01,2027-03-15,,,,Any vendor,,NAICS 336611; PSC 1955,National,https://sam.gov/workspace/contract/opp/96c469ff095145438c5d1b77fe7cd7a8/view,"***** AMENDMENT 0002 ATTACHED********* *****AMENDMENT 0001 ATTACHED******This is a combined synopsis/solicitation for commercial products prepared in accordance with part 12 under NAICS code 336611 Ship Building and Repair. This announcement constitutes the only solicitation. Offers are being requested, and a separate written solicitation will not be issued. Solicitation number W912BU26RA031 is issued as a request for proposal (RFP) Large Class Hopper Dredge (LCHD-ESS) to replace the ageing Dredge ESSAYONS for the Army Corps of Engineers, Portland District, for use in support of its various mi",2026-10-06,2026-10-08
