source,source_id,title,funder,funder_code,kind,stage,deadline,amount,who_can_apply,short_summary,listing_type,status,post_date,close_date,award_floor,award_ceiling,total_funding,eligibility,eligibility_notes,topics,location,link,summary,first_seen,last_seen,filtered_reason
sam.gov,c35c1ccf4b784fe6bcbf604f8db3663a,7105--554 | 36C259-27-AP-0713| Valor Point Bedroom Furniture Replacement (VA-27-00003623),"Veterans Affairs, Department Of",SAM-036,Contract,Info request,2026-10-09,,Any company,"Description: Valor Point Bedroom Furniture Replacement This is a REQUEST FOR INFORMATION/SOURCES SOUGHT ANNOUNCEMENT ONLY in support of the Rocky Mountain Regional VA Healthcare System located at 7350 W. Eastman Place Lakewood, Colorado 80227. Due 10/09/2026 at 14:00 MT.",Contract (Sources Sought),forecast,2026-09-28,2026-10-09,,,,Any vendor,,NAICS 337215; PSC 7105,Aurora,https://sam.gov/workspace/contract/opp/c35c1ccf4b784fe6bcbf604f8db3663a/view,"Description: Valor Point Bedroom Furniture Replacement This is a REQUEST FOR INFORMATION/SOURCES SOUGHT ANNOUNCEMENT ONLY in support of the Rocky Mountain Regional VA Healthcare System located at 7350 W. Eastman Place Lakewood, Colorado 80227. Due 10/09/2026 at 14:00 MT. It is neither a solicitation announcement nor a request for proposals or quotes and does not obligate the Government to award a contract. Requests for a solicitation will not receive a response. Responses to this Sources Sought must be in writing. The purpose of this sources sought announcement is for market research to make a",2026-10-06,2026-10-08,off-topic bid: furniture
sam.gov,c3e9ff2124484cecafb56bdaa4d8e0c5,J045--Install Chill Water System Filtration & Steam Condensate Polisher,"Veterans Affairs, Department Of",SAM-036,Contract,Open,2026-10-09,,Companies eligible,Amended to provide the answers to the technical questions.,Contract (Combined Synopsis/Solicitation),posted,2026-09-25,2026-10-09,,,,Service-Disabled Veteran-Owned Small Business (SDVOSB) Set-Aside (FAR 19.14),,NAICS 238220; PSC J045,"Dallas, TX",https://sam.gov/workspace/contract/opp/c3e9ff2124484cecafb56bdaa4d8e0c5/view,Amended to provide the answers to the technical questions.,2026-10-06,2026-10-08,set-aside: service-disabled veteran
sam.gov,cbebe9ea9be2481499f97def281d2445,"Snow Removal Services, Everett Lake, Weare, NH",Dept Of The Army,SAM-021,Contract,Open,2026-10-09,,Small businesses only,"THE WORK CONSISTS OF: Contractor shall furnish all labor, materials, and equipment necessary to provide snow removal services at Everett Lake, Weare, NH in accordance with the Performance Work Statement. This procurement is set-aside for small business vendors.",Contract (Solicitation),posted,2026-10-06,2026-10-09,,,,Small Business Set Aside - Total,,NAICS 561730; PSC S218,National,https://sam.gov/workspace/contract/opp/cbebe9ea9be2481499f97def281d2445/view,"THE WORK CONSISTS OF: Contractor shall furnish all labor, materials, and equipment necessary to provide snow removal services at Everett Lake, Weare, NH in accordance with the Performance Work Statement. This procurement is set-aside for small business vendors. The applicable NAICS code is 561730 with a Small Business Size Standard of $9.5 Million. ALL VENDORS MUST HAVE AN ACTIVE REGISTRATION IN SAM.GOV AT THE TIME OF SUBMISSION IN ORDER TO BE CONSIDERED. ANY VENDOR THAT DOES NOT HAVE AN ACTIVE SAM.GOV REGISTRATION WILL BE REJECTED AS NON RESPONSIVE.",2026-10-07,2026-10-08,off-topic bid: snow removal
sam.gov,9196964b5c2d46478a0c8e0fefbaf903,S--WI Rock Landscape Restoration,Us Fish And Wildlife Service,SAM-014,Contract,Open,2026-10-12,,Small businesses only,"WI UPPER MISSISSIPPI RIVER NWR Rock Landscape Restoration Remove approximately 1800 square feet of rock landscaping, remove/replace landscape fabric, verify slope, and put rocks back.",Contract (Solicitation),posted,2026-09-30,2026-10-12,,,,Small Business Set Aside - Total,,NAICS 561730; PSC S208,National,https://sam.gov/workspace/contract/opp/9196964b5c2d46478a0c8e0fefbaf903/view,"WI UPPER MISSISSIPPI RIVER NWR Rock Landscape Restoration Remove approximately 1800 square feet of rock landscaping, remove/replace landscape fabric, verify slope, and put rocks back.",2026-10-06,2026-10-08,off-topic bid: landscap
eva-virginia,IV128357,Bealeton Lift Station Wet Well Upgrade,Fauquier Water & Sanitation Authority,VA,Contract,Open,2026-10-13,,Any company,"Replacement of existing lift station wet well equipment and appurtenances nearing the end oftheir service life, including pumps, guide rails, base elbows, piping, and level instrumentation.Work includes recoating the wet well interior for corrosion protection and installation of ...",Contract (Invitation for Bids (IFB)),posted,2026-10-01,2026-10-13,,,,Any vendor,,Category: Construction,"Bealeton Lift Station6106 Waverly WayBealeton, VA 22712, VA",https://mvendor.cgieva.com/Vendor/public/IVDetails.jsp?PageTitle=SO+Details&rfp_id_lot=128357&rfp_id_round=1,"Replacement of existing lift station wet well equipment and appurtenances nearing the end oftheir service life, including pumps, guide rails, base elbows, piping, and level instrumentation.Work includes recoating the wet well interior for corrosion protection and installation of safetygrates beneath access hatches to enhance safety. Construction is limited to the wet well, with noimprovements to the valve vault or metering chamber.",2026-10-06,2026-10-08,construction bid: Category: Construction
eva-virginia,IV128790,Invitation to Bid - FY27 Pipe Lining,Western Virginia Water Authority,VA,Contract,Open,2026-10-13,,Any company,The Western Virginia Water Authority will receive sealed bids for cured-in-place pipe lining to rehab sanitary sewer pipes within the service area. Please see bid information/documents on website listed below.Addendum 1 is now posted on the website.,Contract (Invitation for Bids (IFB)),posted,2026-10-07,2026-10-13,,,,Any vendor,,Category: Construction,"Roanoke, Virginia area, VA",https://mvendor.cgieva.com/Vendor/public/IVDetails.jsp?PageTitle=SO+Details&rfp_id_lot=128790&rfp_id_round=1,The Western Virginia Water Authority will receive sealed bids for cured-in-place pipe lining to rehab sanitary sewer pipes within the service area. Please see bid information/documents on website listed below.Addendum 1 is now posted on the website.,2026-10-06,2026-10-08,construction bid: pipe lining
mmsd,J06087C06,Building 280 and Building 289 Elevator Modernization at Jones Island Water Reclamation Facility,Milwaukee Metropolitan Sewerage District,MMSD,Contract,Open,2026-10-13,,Any company,Reference J06087C06,Contract,posted,,2026-10-13,,,,Any vendor,,,"Milwaukee area, WI",https://mmsd.diversitycompliance.com/FrontEnd/ProposalSearchPublicDetail.asp?XID=8518&TN=mmsd&PID=5A0B3192C1B7FCDB6FC8E3D84AC959EF0D4F373B825254DA,Reference J06087C06,2026-10-08,2026-10-08,off-topic bid: elevator
mwrd,26-363-12,"Public Tender Of Bids For A 14-Year Lease On Approximately 9 Acres Of District Real Estate Located At 6400 Canal Bank Road In Forest View, Illinois, Main Channel Parcel 37.07 (Re-Bid)",Metropolitan Water Reclamation District of Greater Chicago,MWRD,Contract,Open,2026-10-13,Up to $308K,Any company,"Estimated Cost: $308,000.00 Pre-Bid Technical Conference: NONE",Contract (bid),posted,2026-09-23,2026-10-13,,308000,,Any vendor,,,"Chicago area, IL",https://apps.mwrd.org/ContractAnnouncements/BidDetails.aspx?contractID=2905,"Estimated Cost: $308,000.00 Pre-Bid Technical Conference: NONE",2026-10-06,2026-10-08,off-topic bid: real estate
mwrd,26-624-11,Main Street Bridge Expansion Joint Replacement,Metropolitan Water Reclamation District of Greater Chicago,MWRD,Contract,Open,2026-10-13,Up to $220K,Any company,"Estimated Cost: $220,000.00 Pre-Bid Technical Conference: VOLUNTARY TECHNICAL PRE-BID CONFERENCE: WEDNESDAY, SEPTEMBER 30, 2026 VIA ZOOM LINK AT 10:00AM CHICAGO TIME.",Contract (bid),posted,2026-09-16,2026-10-13,,220000,,Any vendor,,,"Chicago area, IL",https://apps.mwrd.org/ContractAnnouncements/BidDetails.aspx?contractID=2903,"Estimated Cost: $220,000.00 Pre-Bid Technical Conference: VOLUNTARY TECHNICAL PRE-BID CONFERENCE: WEDNESDAY, SEPTEMBER 30, 2026 VIA ZOOM LINK AT 10:00AM CHICAGO TIME. Notes: COMPLIANCE WITH THE DISTRICT'S AFFIRMATIVE ACTION ORDIANCE REVISED APPENDIX D, APPENDIX V, AND THE MULTI-PROJECT LABOR AGREEMENT ARE REQUIRED ON THIS CONTRACT.",2026-10-06,2026-10-08,construction bid: expansion joint
sam.gov,1048ddc2f8e64d9881f06164a48f4ce8,"25--TAILGATE,VEHICLE BO",Defense Logistics Agency,SAM-097,Contract,Open,2026-10-13,,Companies eligible,"Proposed procurement for NSN 2510011739316 TAILGATE,VEHICLE BO: Line 0001 Qty 32 UI EA Deliver To: DLA DISTRIBUTION RED RIVER By: 0089 DAYS ADO The solicitation is an RFQ and will be available at the link provided in this notice.",Contract (Combined Synopsis/Solicitation),posted,2026-10-01,2026-10-13,,,,Service-Disabled Veteran-Owned Small Business (SDVOSB) Set-Aside (FAR 19.14),,NAICS 332999; PSC 25,National,https://sam.gov/workspace/contract/opp/1048ddc2f8e64d9881f06164a48f4ce8/view,"Proposed procurement for NSN 2510011739316 TAILGATE,VEHICLE BO: Line 0001 Qty 32 UI EA Deliver To: DLA DISTRIBUTION RED RIVER By: 0089 DAYS ADO The solicitation is an RFQ and will be available at the link provided in this notice. Hard copies of this solicitation are not available. Digitized drawings and Military Specifications and Standards may be retrieved, or ordered, electronically. All responsible sources may submit a quote which, if timely received, shall be considered. Quotes must be submitted electronically.",2026-10-06,2026-10-08,set-aside: service-disabled veteran
sam.gov,2fa2837377c649d68b8eeb24ed54468b,"Construction of the new Regional Storm Water Retention Basin at Detroit Arsenal, Warren, MI",Dept Of The Army,SAM-021,Contract,Info request,2026-10-13,,Any company,A market survey is being conducted to determine if there are a reasonable number of interested business concerns to determine any future set-asides for this project.,Contract (Sources Sought),forecast,2026-09-10,2026-10-13,,,,Any vendor,,NAICS 237110; PSC Y1NE,"Warren, MI",https://sam.gov/workspace/contract/opp/2fa2837377c649d68b8eeb24ed54468b/view,"A market survey is being conducted to determine if there are a reasonable number of interested business concerns to determine any future set-asides for this project. If your firm is a Small Business, certified HUBZone, 8A, Woman-Owned Small Business, Service-Disabled Veteran Owned Small Business, or Other than Small and you are interested in this project please respond appropriately. The intent of this future solicitation will be to select one Prime Contractor for the Design-Bid-Build (DBB) construction of a New Regional Storm Water Retention Basin at Detroit Arsenal, Warren, MI. An Invitation",2026-10-06,2026-10-08,construction bid: construction
sam.gov,58ca47beee8643008c813f6bd47ac7a9,"40--FIBER ROPE ASSEMBLY,SI",Defense Logistics Agency,SAM-097,Contract,Open,2026-10-13,,Companies eligible,"Proposed procurement for NSN 4020013653115 FIBER ROPE ASSEMBLY,SI: Line 0001 Qty 89 UI AY Deliver To: DLA DISTRIBUTION RED RIVER By: 0158 DAYS ADO Approved sources are 27232 DSG-5-11K; 57282 0086-CSI-11K.",Contract (Combined Synopsis/Solicitation),posted,2026-10-01,2026-10-13,,,,Historically Underutilized Business (HUBZone) Set-Aside (FAR 19.13),,NAICS 314994; PSC 40,National,https://sam.gov/workspace/contract/opp/58ca47beee8643008c813f6bd47ac7a9/view,"Proposed procurement for NSN 4020013653115 FIBER ROPE ASSEMBLY,SI: Line 0001 Qty 89 UI AY Deliver To: DLA DISTRIBUTION RED RIVER By: 0158 DAYS ADO Approved sources are 27232 DSG-5-11K; 57282 0086-CSI-11K. The solicitation is an RFQ and will be available at the link provided in this notice. Hard copies of this solicitation are not available. Specifications, plans, or drawings are not available. All responsible sources may submit a quote which, if timely received, shall be considered. Quotes must be submitted electronically.",2026-10-06,2026-10-08,set-aside: hubzone
sam.gov,8f749b32638947d684c1cf1e11737421,"Snow Removal and Sanding Services, Hopkinton Lake, Hopkinton, NH",Dept Of The Army,SAM-021,Contract,Open,2026-10-13,,Small businesses only,"The U.S. Army Corps of Engineers - New England District is issuing a Solicitation Notice for Snow Removal and Sanding Services, Hopkinton Lake, Hopkinton, NH.",Contract (Solicitation),posted,2026-10-07,2026-10-13,,,,Small Business Set Aside - Total,,NAICS 561730; PSC S218,"Hopkinton, NH",https://sam.gov/workspace/contract/opp/8f749b32638947d684c1cf1e11737421/view,"The U.S. Army Corps of Engineers - New England District is issuing a Solicitation Notice for Snow Removal and Sanding Services, Hopkinton Lake, Hopkinton, NH. THE WORK CONSISTS OF: Contractor shall furnish all labor, materials and equipment necessary to perform snow plowing, shoveling and sanding /salting services at Hopkinton Lake Project area and portions of the Elm Brook Park in Hopkinton, NH. All work shall be completed in accordance with the Performance Work Statement. This procurement is set-aside for small business vendors. The applicable NAICS code is 561730 with a Small Business Size ",2026-10-08,2026-10-08,off-topic bid: snow removal
sam.gov,9d3e3583c7a74e23b1f76b68ed08fc1a,"N6247826R2431 FACILITIES AND LIGHTING MAINTENANCE SERVICES at Joint Base Pearl Harbor Hickam, Oahu, Hawaii",Dept Of The Navy,SAM-017,Contract,Open,2026-10-13,,Not companies,"Title: FACILITIES AND LIGHTING MAINTENANCE AND REPAIR SERVICES,VARIOUS LOCATIONS, OAHU, HAWAII Notice ID: N6247826R2431Classification: 8(a) set-aside PSC: Z1JZNAICS: 5612Amendment 001 was issued to update the pre-proposal site visit date and time.",Contract (Solicitation),posted,2026-09-15,2026-10-13,,,,8(a) Set-Aside (FAR 19.8),,NAICS 561210; PSC Z1JZ,National,https://sam.gov/workspace/contract/opp/9d3e3583c7a74e23b1f76b68ed08fc1a/view,"Title: FACILITIES AND LIGHTING MAINTENANCE AND REPAIR SERVICES,VARIOUS LOCATIONS, OAHU, HAWAII Notice ID: N6247826R2431Classification: 8(a) set-aside PSC: Z1JZNAICS: 5612Amendment 001 was issued to update the pre-proposal site visit date and time. Amendment 002 is issued to extend the proposal due date. See attachment entitled Amnd02_26R24310002Amendment 003 is issued to extend the proposal due date. See attachment entitled Amnd03_26R24310003. Amendment 0004 is issued to extend the proposal due date. See attachment entitled Amnd04_26R24310004. Amendment 0005 is issued to extend the proposal du",2026-10-06,2026-10-08,set-aside: 8(a)
sam.gov,a17436c05f534752a052ae418e2a7417,H346--Legionella Water Testing,"Veterans Affairs, Department Of",SAM-036,Contract,Open,2026-10-13,,Companies eligible,The answers to all questions will be posted on 10/06/2026. No new questions will be accepted. Bid due date has been extended to 10/13/2026 at 10:00AM Pacific time zone.,Contract (Combined Synopsis/Solicitation),posted,2026-09-21,2026-10-13,,,,Service-Disabled Veteran-Owned Small Business (SDVOSB) Set-Aside (FAR 19.14),,NAICS 541620; PSC H346,National,https://sam.gov/workspace/contract/opp/a17436c05f534752a052ae418e2a7417/view,The answers to all questions will be posted on 10/06/2026. No new questions will be accepted. Bid due date has been extended to 10/13/2026 at 10:00AM Pacific time zone.,2026-10-06,2026-10-08,set-aside: service-disabled veteran
sam.gov,a33b52c7f85a431da54bcfb2eb7eeb73,"25--ADAPTER,TOWBAR,VEHICUL",Defense Logistics Agency,SAM-097,Contract,Open,2026-10-13,,Companies eligible,"Proposed procurement for NSN 2540014404979 ADAPTER,TOWBAR,VEHICUL: Line 0001 Qty 213 UI EA Deliver To: DLA DISTRIBUTION RED RIVER By: 0146 DAYS ADO The solicitation is an RFQ and will be available at the link provided in this notice.",Contract (Combined Synopsis/Solicitation),posted,2026-09-29,2026-10-13,,,,Service-Disabled Veteran-Owned Small Business (SDVOSB) Set-Aside (FAR 19.14),,NAICS 336390; PSC 25,National,https://sam.gov/workspace/contract/opp/a33b52c7f85a431da54bcfb2eb7eeb73/view,"Proposed procurement for NSN 2540014404979 ADAPTER,TOWBAR,VEHICUL: Line 0001 Qty 213 UI EA Deliver To: DLA DISTRIBUTION RED RIVER By: 0146 DAYS ADO The solicitation is an RFQ and will be available at the link provided in this notice. Hard copies of this solicitation are not available. Digitized drawings and Military Specifications and Standards may be retrieved, or ordered, electronically. All responsible sources may submit a quote which, if timely received, shall be considered. Quotes must be submitted electronically.",2026-10-06,2026-10-08,set-aside: service-disabled veteran
sam.gov,a418ca42f54b41d899bd01c89a0c995b,Grounds maintenance services for Riverside National Cemetery. -- S208,"Veterans Affairs, Department Of",SAM-036,Contract,Info request,2026-10-13,,Companies eligible,Grounds maintenance services for Riverside National Cemetery. Purpose of this amendment is to extend the deadline for proposals through 10/13/2026 and publish: Answers to vendors' questions; the corrected Instructions to Offerors_Evaluations document; revised PWS due to vendors' ...,Contract (Special Notice),posted,2026-10-04,2026-10-13,,,,Service-Disabled Veteran-Owned Small Business (SDVOSB) Set-Aside (FAR 19.14),,NAICS 561730; PSC S208,"Riverside, CA",https://sam.gov/workspace/contract/opp/a418ca42f54b41d899bd01c89a0c995b/view,"Grounds maintenance services for Riverside National Cemetery. Purpose of this amendment is to extend the deadline for proposals through 10/13/2026 and publish: Answers to vendors' questions; the corrected Instructions to Offerors_Evaluations document; revised PWS due to vendors' questions; the 8/19/26 vendor site visit sign-in sheet; the revised Excel Riverside NC PriceSched; and the SCA wage determination 2015-5629 revision 31 dated 08/27/2026. Also, the NCA Contracting Office has been experiencing technical difficulties publishing to Contract Opportunities. Please reach out to Ralph.Crum@va.",2026-10-06,2026-10-08,set-aside: service-disabled veteran
sam.gov,bde344cca99449e9a8361c910291b537,"Snow Removal and Salting Services, East Brimfield Lake, Fiskdale, MA",Dept Of The Army,SAM-021,Contract,Open,2026-10-13,,Small businesses only,"The U.S. Army Corps of Engineers - New England District is issuing a Solicitation Notice for Snow Removal and Salting Services, East Brimfield Lake, Fiskdale, MA.",Contract (Solicitation),posted,2026-10-07,2026-10-13,,,,Small Business Set Aside - Total,,NAICS 561730; PSC S218,"Fiskdale, MA",https://sam.gov/workspace/contract/opp/bde344cca99449e9a8361c910291b537/view,"The U.S. Army Corps of Engineers - New England District is issuing a Solicitation Notice for Snow Removal and Salting Services, East Brimfield Lake, Fiskdale, MA. THE WORK CONSISTS OF: Contractor shall provide all equipment, materials, labor, and transportation necessary to perform snow plowing, shoveling, salting, and snow removal services at the East Brimfield Lake project areas. This procurement is set-aside for small business vendors. The applicable NAICS code is 561730 with a Small Business Size Standard of $9.5 Million. ALL VENDORS MUST HAVE AN ACTIVE REGISTRATION IN SAM.GOV AT THE TIME ",2026-10-08,2026-10-08,off-topic bid: snow removal
chicago-eprocurement,70287,1271795B: Lignite Coal Based Powdered Activated Carbon,Chicago Department Of Water Management,CHI,Contract,Open,2026-10-14,,Any company,Spec 1271795B; Compliance goals: No Stated Goals; Questions due 2026-09-30,Contract (Commodities),posted,2026-09-14,2026-10-14,,,,Any vendor,,Commodities,"Chicago, IL",https://eprocurement.cityofchicago.org/OA_HTML/OA.jsp?OAFunc=PON_ABSTRACT_PAGE,Spec 1271795B; Compliance goals: No Stated Goals; Questions due 2026-09-30,2026-10-06,2026-10-08,off-topic bid: activated carbon
cleveland,507,Bottled Water,City of Cleveland,CLE,Contract,Open,2026-10-14,,Any company,"File Number: 507 Closing Date: October 14, 2026, 3:00 PM Requestor/Buyer: Gregory Hart Contact Email: ghart@clevelandohio.gov Bid Document",Contract (bid),posted,,2026-10-14,,,,Any vendor,,,"Cleveland, OH",https://www.clevelandohio.gov/city-hall/departments/finance/invitations-bid#collapse_112846,"File Number: 507 Closing Date: October 14, 2026, 3:00 PM Requestor/Buyer: Gregory Hart Contact Email: ghart@clevelandohio.gov Bid Document",2026-10-08,2026-10-08,off-topic bid: bottled water
commbuys,BD-19-1131-BWSC1-BWSC1-133262,"Replacement and Rehabilitation of Water Mains, Storm Drains and Sewers in Hyde Park",Boston Water & Sewer Commission,MA,Contract,Open,2026-10-14,,Any company,,Contract (bid),posted,,2026-10-14,,,,Any vendor,,,Massachusetts,https://www.commbuys.com/bso/external/bidDetail.sda?docId=BD-19-1131-BWSC1-BWSC1-133262&external=true&parentUrl=close,,2026-10-06,2026-10-08,construction bid: rehabilitation of water mains
commbuys,BD-27-1030-0H100-0H002-132245,606352 WAREHAM FAP No. PRC(PRC80)-003S(925)X Culvert and Dam Replacement on Cranberry Highway at R,Department of Transportation,MA,Contract,Open,2026-10-14,,Any company,,Contract (bid),posted,,2026-10-14,,,,Any vendor,,,Massachusetts,https://www.commbuys.com/bso/external/bidDetail.sda?docId=BD-27-1030-0H100-0H002-132245&external=true&parentUrl=close,,2026-10-06,2026-10-08,construction bid: dam replacement
commbuys,BD-27-1695-AGDPW-DPW1-133907,Main Street Sewer Rehab Project,Town of Agawam,MA,Contract,Open,2026-10-14,,Any company,,Contract (bid),posted,,2026-10-14,,,,Any vendor,,,Massachusetts,https://www.commbuys.com/bso/external/bidDetail.sda?docId=BD-27-1695-AGDPW-DPW1-133907&external=true&parentUrl=close,,2026-10-06,2026-10-08,construction bid: sewer rehab
eva-virginia,IV126906,ITB No. 26-2989-8EAR - Water Treatment Facility - HVAC Improvements,Henrico County Government,VA,Contract,Open,2026-10-14,,Any company,"The Work consists of all work required by the Construction Documents necessary for the HVAC Improvements project at the Henrico County Department of Public Utilitiesâ Water Treatment Facility (WTF) located at 10111 Three Chopt Road, Richmond, VA; and Raw Water Pump Station ...",Contract (Invitation for Bids (IFB)),posted,2026-09-25,2026-10-14,,,,Any vendor,,Category: Construction,"Department of Public Utilities, VA",https://mvendor.cgieva.com/Vendor/public/IVDetails.jsp?PageTitle=SO+Details&rfp_id_lot=126906&rfp_id_round=2,"The Work consists of all work required by the Construction Documents necessary for the HVAC Improvements project at the Henrico County Department of Public Utilitiesâ Water Treatment Facility (WTF) located at 10111 Three Chopt Road, Richmond, VA; and Raw Water Pump Station (RWPS) located at 1201 South Gaskins Road, Richmond, VA, including removal and disposal of ACU-8 and associated ACC-2, ACU-9 and associated ACC-3, ACU-10 and associated ACC-5, ACU-11 and associated ACC-6, ACU-7 and associated ACC-4, ACU-6 and associated ACC-1 and all associated refrigeration piping, piping accessories and ",2026-10-06,2026-10-08,construction bid: hvac
eva-virginia,IV128427,"Replace Existing Stormwater Drainage at Paul D. Camp Community College, Hobbs Campus, PC# 260-B2260-090 (M22PC130)",Virginia Community College System - System Office,VA,Contract,Open,2026-10-14,,Any company,"Sealed bids are invited for the construction of the Replace Existing Stormwater Drainage project at Paul D. Camp Community College, Hobbs Campus, Project Code # 260-B2260-090 (M22PC130) located in Suffolk, Virginia.",Contract (Design-Bid-Build (DBB)),posted,2026-10-05,2026-10-14,,,,Any vendor,,Category: Construction,"Paul D. Camp Community College, Hobbs Campus, Suffolk, Virginia, VA",https://mvendor.cgieva.com/Vendor/public/IVDetails.jsp?PageTitle=SO+Details&rfp_id_lot=128427&rfp_id_round=1,"Sealed bids are invited for the construction of the Replace Existing Stormwater Drainage project at Paul D. Camp Community College, Hobbs Campus, Project Code # 260-B2260-090 (M22PC130) located in Suffolk, Virginia. The project is generally described as the repair and removal/replacement of the existing storm system. Sealed bids will be received electronically through eVA or at Virginia Community College System, Attention: Mrs. Sibyl Roberts, 300 Arboretum Place, Suite 200, Richmond, Virginia 23236, Telephone (804) 819-4918. PLEASE NOTE: For shipping/mailing, use Suite 390; for hand delivery, ",2026-10-06,2026-10-08,construction bid: Category: Construction
eva-virginia,IV128448,"Replace Cooling Tower at Science Building at Tidewater Community College, Virginia Beach Campus, PC# 260-B5260-044 (M23TC121)",Virginia Community College System - System Office,VA,Contract,Open,2026-10-14,,Any company,"Sealed bids are invited for the construction of the Replace Cooling Tower at Science Building project at Tidewater Community College, Virginia Beach Campus, Project Code # 260-B5260-044 (M23TC121) located in Virginia Beach, Virginia.",Contract (Design-Bid-Build (DBB)),posted,2026-10-05,2026-10-14,,,,Any vendor,,Category: Construction,"Tidewater Community College, Virginia Beach Campus, Virginia Beach, Virginia, VA",https://mvendor.cgieva.com/Vendor/public/IVDetails.jsp?PageTitle=SO+Details&rfp_id_lot=128448&rfp_id_round=2,"Sealed bids are invited for the construction of the Replace Cooling Tower at Science Building project at Tidewater Community College, Virginia Beach Campus, Project Code # 260-B5260-044 (M23TC121) located in Virginia Beach, Virginia. The project is generally described as the replacement of two roof mounted lab fume exhaust fans, and the replacement of a domestic water pressure booster skid. Sealed bids will be received electronically through eVA or at Virginia Community College System, Attention: Mrs. Sibyl Roberts, 300 Arboretum Place, Suite 200, Richmond, Virginia 23236, Telephone (804) 819-",2026-10-06,2026-10-08,construction bid: Category: Construction
eva-virginia,IV128506,ITB No. 26-3001-9JOK - Shady Grove Road & Old Nuckols Road Safety & Mobility Improvements,Henrico County Government,VA,Contract,Open,2026-10-14,,Any company,The Work consists of reconstructing a segment of Shady Grove Road between Old Millrace Terrace and Old Nuckols Road to realign through an existing reverse curve and provide improved geometry and safety.,Contract (Invitation for Bids (IFB)),posted,2026-09-18,2026-10-14,,,,Any vendor,,Category: Construction,"Henrico County, Virginia, VA",https://mvendor.cgieva.com/Vendor/public/IVDetails.jsp?PageTitle=SO+Details&rfp_id_lot=128506&rfp_id_round=0,"The Work consists of reconstructing a segment of Shady Grove Road between Old Millrace Terrace and Old Nuckols Road to realign through an existing reverse curve and provide improved geometry and safety. Work also includes new roadway, curb and gutter, shared use path, drainage and stormwater management and utility adjustments, modifications to complete the mini-roundabout previously constructed at Shady Grove Road and Old Nuckols Road, mill and overlay of Shady Grove Road between Old Nuckols Road and Nuckols Road and Old Nuckols Road between Shady Grove and Lemoore Drive, and restriping to pro",2026-10-06,2026-10-08,construction bid: Category: Construction
nyc-city-record,20260825035,"Loading Dock + Morgue at South Brooklyn Health, Brooklyn, NY",NYC NYC Health + Hospitals,NYC,Contract,Open,2026-10-14,,Any company,"Mandatory Pre-Bid Meeting Information Only bidders who attend the mandatory pre-bid meeting will be allowed to bid. The mandatory pre-bid meetings are scheduled for: Wenesday, September 16, 2026 at 2PM. Thursday, September 17, 2026 at 2PM.",Contract (Competitive Sealed Bids),posted,2026-09-02,2026-10-14,,,,Any vendor,,Construction Related Services,New York City,https://a856-cityrecord.nyc.gov/RequestDetail/20260825035,"Mandatory Pre-Bid Meeting Information Only bidders who attend the mandatory pre-bid meeting will be allowed to bid. The mandatory pre-bid meetings are scheduled for: Wenesday, September 16, 2026 at 2PM. Thursday, September 17, 2026 at 2PM. Location: South Brooklyn Health, 2601 Ocean Parkway, Brooklyn, NY. The Contractor shall not make subcontracts totaling more than 75% of the Contract Price nor Provide Less than 25% of the Labor Requirement of the Project with the Contractor's own employees the Contractor shall not make subcontracts totaling more than 75% of the Contract Price nor Provide Les",2026-10-06,2026-10-08,off-topic bid: morgue
opengov,neorsd-300761,2026-2027 Sodium Hypochlorite Solution at all Wastewater Treatment Plants,Northeast Ohio Regional Sewer District,NEORSD,Contract,Open,2026-10-14,,Any company,"The objective of this bid—and the resulting requirements contract awarded after evaluating all submissions—is to supply sodium hypochlorite solution for use at the Easterly, Southerly, and Westerly Wastewater Treatment Plants operated by the Northeast Ohio Regional Sewer ...",Contract (bid),posted,2026-09-21,2026-10-14,,,,Any vendor,,Operations and Maintenance; Standard Bid,"Cleveland area, OH",https://procurement.opengov.com/portal/neorsd/projects/300761,"The objective of this bid—and the resulting requirements contract awarded after evaluating all submissions—is to supply sodium hypochlorite solution for use at the Easterly, Southerly, and Westerly Wastewater Treatment Plants operated by the Northeast Ohio Regional Sewer District (NEORSD). This solution is essential for reducing E. coli concentrations to levels compliant with the National Pollutant Discharge Elimination System (NPDES) permit requirements. The contract will remain in effect for one (1) year or until the allocated funds are fully expended, whichever occurs first.",2026-10-08,2026-10-08,off-topic bid: hypochlorite
sam.gov,1dffcec410784ad5a14fe84ead6c639a,Surgical Instrument Maintenance and Repair Services,"Veterans Affairs, Department Of",SAM-036,Contract,Open,2026-10-14,,Companies eligible,Surgical Instrument Maintenance and Repair services for the New York Harbor HCS at the Brooklyn and Manhattan Campuses.,Contract (Solicitation),posted,2026-09-25,2026-10-14,,,,Service-Disabled Veteran-Owned Small Business (SDVOSB) Set-Aside (FAR 19.14),,NAICS 811210; PSC J065,"New York, NY",https://sam.gov/workspace/contract/opp/1dffcec410784ad5a14fe84ead6c639a/view,Surgical Instrument Maintenance and Repair services for the New York Harbor HCS at the Brooklyn and Manhattan Campuses.,2026-10-06,2026-10-08,set-aside: service-disabled veteran
sam.gov,29488cf960c7409a9610d3f3f6e55cdd,JB Charleston Multiple Award Construction Contract,Dept Of The Air Force,SAM-057,Contract,Open,2026-10-14,,Any company,Amendment 002 (17 September 2026): The purpose of this modification is to: (a) Extend the proposal due date to 14 October 2026. (b) Incorporate Attachment - Geotechnical Report dated 14 April 2025.,Contract (Solicitation),posted,2026-09-18,2026-10-14,,,,Any vendor,,NAICS 236220; PSC Y1JZ,"0, SC",https://sam.gov/workspace/contract/opp/29488cf960c7409a9610d3f3f6e55cdd/view,Amendment 002 (17 September 2026): The purpose of this modification is to: (a) Extend the proposal due date to 14 October 2026. (b) Incorporate Attachment - Geotechnical Report dated 14 April 2025. (c) Incorporate Attachment YU - Seed Project Schedule B (d) Incorporate Attachment - Site Visit Sign-In Sheet (e) Incorporate Attachment - Salvage Storage List (f) Incorporate Attachment - Fire Hydrant Flow Test Data (g) Incorporate Attachment - B464 and B466 Photos (h) Incorporate Attachment - 1999 As-Built Drawings (i) Incorporate Attachment XT - Question and Answer Form (Completed) (j) Incorporat,2026-10-06,2026-10-08,construction bid: construction
sam.gov,94fe78dfafb14651a3ad8d8610fced5d,"Maintenance, Repair, And Operation Of Incinerator Plant, Weight Scales, Potable Water Tanks, Wastewater Treatment Plants To Include Operation, And Granular Activated Carbon (GAC) Filtering Systems at CFA Yokosuka",Dept Of The Navy,SAM-017,Contract,Open,2026-10-14,,Any company,"This requirement is to provide for a single award Indefinite Delivery/Indefinite Quantity (IDIQ) Service Contract for Maintenance and Repair for Incinerator Plant, Weight Scales, Potable Water Tanks, Wastewater Treatment Plants to Include Operation, and Granular Activated Carbon ...",Contract (Solicitation),posted,2026-09-30,2026-10-14,,,,Any vendor,,NAICS 221320; PSC Z1PZ,"Yokosuka, JP-14",https://sam.gov/workspace/contract/opp/94fe78dfafb14651a3ad8d8610fced5d/view,"This requirement is to provide for a single award Indefinite Delivery/Indefinite Quantity (IDIQ) Service Contract for Maintenance and Repair for Incinerator Plant, Weight Scales, Potable Water Tanks, Wastewater Treatment Plants to Include Operation, and Granular Activated Carbon (GAC) Filtering System at Commander Fleet Activities (CFA) Yokosuka, Japan. The Contractor shall furnish all labor, supervision, management, tools, materials, equipment, facilities, transportation, incidental engineering, and other items necessary to provide the services as described in the Performance Work Statement (",2026-10-06,2026-10-08,off-topic bid: activated carbon
commbuys,BD-26-1163-PD888-PD888-134036,NEWPORT AVENUE LANDSCAPE PLANTING AND IRRIGATION,City of Quincy,MA,Contract,Open,2026-10-15,,Any company,,Contract (bid),posted,,2026-10-15,,,,Any vendor,,,Massachusetts,https://www.commbuys.com/bso/external/bidDetail.sda?docId=BD-26-1163-PD888-PD888-134036&external=true&parentUrl=close,,2026-10-06,2026-10-08,off-topic bid: landscap
commbuys,BD-27-1143-PRO15-PRO15-133833,BID FOR: Eldon B. Keith Field Culvert Rehabilitation,City of Brockton,MA,Contract,Open,2026-10-15,,Any company,,Contract (bid),posted,,2026-10-15,,,,Any vendor,,,Massachusetts,https://www.commbuys.com/bso/external/bidDetail.sda?docId=BD-27-1143-PRO15-PRO15-133833&external=true&parentUrl=close,,2026-10-06,2026-10-08,construction bid: culvert rehabilitation
commbuys,BD-27-1639-MWS01-MWS02-133313,Construction of the Water Sewer Building,Town of Mattapoisett,MA,Contract,Open,2026-10-15,,Any company,,Contract (bid),posted,,2026-10-15,,,,Any vendor,,,Massachusetts,https://www.commbuys.com/bso/external/bidDetail.sda?docId=BD-27-1639-MWS01-MWS02-133313&external=true&parentUrl=close,,2026-10-06,2026-10-08,construction bid: construction
eva-virginia,IV127928,26-27-018 Wastewater Sludge Removal Dewatering Transportation Land Application Services,City of Danville,VA,Contract,Open,2026-10-15,,Any company,RFP-26-27-018-Wastewater Sludge Removal Dewatering Transportation and Land Application Services,Contract (Request for Proposals (RFP)),posted,2026-09-24,2026-10-15,,,,Any vendor,,Category: Construction,"City of Danville, VA , VA",https://mvendor.cgieva.com/Vendor/public/IVDetails.jsp?PageTitle=SO+Details&rfp_id_lot=127928&rfp_id_round=3,RFP-26-27-018-Wastewater Sludge Removal Dewatering Transportation and Land Application Services,2026-10-06,2026-10-08,construction bid: Category: Construction
eva-virginia,IV128354,27-85-3360SH HVAC and Ceiling Replacement Chickahominy Middle School,Hanover County,VA,Contract,Open,2026-10-15,,Any company,"The project is generally described as providing all labor, materials, supplies, tools, equipment, transportation and all incidentals required and/or implied for the complete and satisfactory performance necessary for the replacement of the existing water source heat pumps, ...",Contract (Invitation for Bids (IFB)),posted,2026-10-07,2026-10-15,,,,Any vendor,,Category: Construction,"Hanover County, VA, VA",https://mvendor.cgieva.com/Vendor/public/IVDetails.jsp?PageTitle=SO+Details&rfp_id_lot=128354&rfp_id_round=3,"The project is generally described as providing all labor, materials, supplies, tools, equipment, transportation and all incidentals required and/or implied for the complete and satisfactory performance necessary for the replacement of the existing water source heat pumps, boilers, water pumps, outside air units, classroom lighting, and associated electrical work, piping work, controls, and ceilings at Chickahominy Middle School, 9450 Atlee Station Road, Mechanicsville, VA 23116. All work shall be provided in accordance with the Project Manual and associated Contract Drawings.",2026-10-06,2026-10-08,construction bid: hvac
nyc-city-record,20260901025,SMD_A&CM_RFQ #517934 Basketball Court at Clinton Houses - Manhattan,NYC Housing Authority,NYC,Contract,Open,2026-10-15,,Any company,"Scope of Work: The scope of work includes two new playgrounds, both featuring new play structures and spray shower areas, as well as a new adult fitness station-all 3 areas have new safety surfacing.",Contract (Competitive Sealed Bids),posted,2026-09-10,2026-10-15,,,,Any vendor,,Construction/Construction Services,New York City,https://a856-cityrecord.nyc.gov/RequestDetail/20260901025,"Scope of Work: The scope of work includes two new playgrounds, both featuring new play structures and spray shower areas, as well as a new adult fitness station-all 3 areas have new safety surfacing. The project also includes a basketball court, a walking track with a colored wearing surface, a community garden, and new passive recreation areas with artificial turf and updated seating. All improved areas will be underlaid with an improved stormwater management system, including subsurface rainwater storage tanks and new or upgraded drainage conveyance system. Locations: Three (3) open space ",2026-10-06,2026-10-08,off-topic bid: basketball
sam.gov,1fef90c82a0e40838b53efaa51e6d0e7,Q201--HCR- Medical Physicist Contract for Radiology and Dental (VA-26-00023708) Base Contract year 11/01/2026-10/31/2027 VA Finger Lakes,"Veterans Affairs, Department Of",SAM-036,Contract,Coming soon,2026-10-15,,Companies eligible,"The Contractor shall furnish all labor, material, supplies, equipment, transportation, software and qualified personnel to provide on-site diagnostic medical physics support services in support of the Finger Lakes Health VA Radiation Safety Program.",Contract (Solicitation),forecast,2026-09-29,2026-10-15,,,,Service-Disabled Veteran-Owned Small Business (SDVOSB) Set-Aside (FAR 19.14),,NAICS 541990; PSC Q201,"Bath, NY",https://sam.gov/workspace/contract/opp/1fef90c82a0e40838b53efaa51e6d0e7/view,"The Contractor shall furnish all labor, material, supplies, equipment, transportation, software and qualified personnel to provide on-site diagnostic medical physics support services in support of the Finger Lakes Health VA Radiation Safety Program. Radiology departments are located in Rochester, Canandaigua, and Bath. Contractor shall offer a diverse, multi-modality experienced team of qualified Medical Physics professionals.",2026-10-06,2026-10-08,set-aside: service-disabled veteran
sam.gov,475bce6244d94fdabc41442d9a629f45,Z2DA--589A5-27-176 REPLACE B1 SEWER LINES IN CRAWL SPACE|TOP,"Veterans Affairs, Department Of",SAM-036,Contract,Info request,2026-10-15,,Companies eligible,"Sources Sought Notice Sources Sought Notice Page 3 of 4 Sources Sought Notice *= Required Field Sources Sought Notice Page 1 of 4 DESCRIPTION Request for Information (RFI) 36C25526Q0690 Title of Project: 589A5-27-176 REPLACE B1 SEWER LINES IN CRAWL SPACE, Topeka VAMC.",Contract (Sources Sought),forecast,2026-10-01,2026-10-15,,,,Service-Disabled Veteran-Owned Small Business (SDVOSB) Set-Aside (FAR 19.14),,NAICS 236220; PSC Z2DA,National,https://sam.gov/workspace/contract/opp/475bce6244d94fdabc41442d9a629f45/view,"Sources Sought Notice Sources Sought Notice Page 3 of 4 Sources Sought Notice *= Required Field Sources Sought Notice Page 1 of 4 DESCRIPTION Request for Information (RFI) 36C25526Q0690 Title of Project: 589A5-27-176 REPLACE B1 SEWER LINES IN CRAWL SPACE, Topeka VAMC. This is a SOURCES SOUGHT ANNOUNCEMENT ONLY. It is for information and planning purposes only and shall not be construed as a solicitation announcement nor a request for proposals or quotes and does not obligate theÂ Department of Veterans Affairs (VA) to award a contract. Responses will not be considered as proposals, nor will an",2026-10-06,2026-10-08,set-aside: service-disabled veteran
commbuys,BD-24-1312-TAO01-TAO01-133993,IFB: Flagger & Signaler for Phase 3 Lakes & Ponds Area Collection System,Town of Orleans,MA,Contract,Open,2026-10-16,,Any company,,Contract (bid),posted,,2026-10-16,,,,Any vendor,,,Massachusetts,https://www.commbuys.com/bso/external/bidDetail.sda?docId=BD-24-1312-TAO01-TAO01-133993&external=true&parentUrl=close,,2026-10-06,2026-10-08,off-topic bid: flagger
eva-virginia,IV128173,Wastewater Treatment Plant Centrifuge Facility,Town of Front Royal,VA,Contract,Open,2026-10-16,,Any company,"The work includes a new Centrifuge Building with semi-enclosed truck bay, centrifuge, biosolids incline belt conveyor and distribution conveyor, polymer feed system, sludge pumps, and all associated piping, SCADA, controls, electrical, HVAC, plumbing, and electrical.",Contract (Invitation for Bids (IFB)),posted,2026-10-07,2026-10-16,,,,Any vendor,,Category: Construction,"Town of Front Royal, Wastewater Treatment Facility, VA",https://mvendor.cgieva.com/Vendor/public/IVDetails.jsp?PageTitle=SO+Details&rfp_id_lot=128173&rfp_id_round=3,"The work includes a new Centrifuge Building with semi-enclosed truck bay, centrifuge, biosolids incline belt conveyor and distribution conveyor, polymer feed system, sludge pumps, and all associated piping, SCADA, controls, electrical, HVAC, plumbing, and electrical.",2026-10-06,2026-10-08,construction bid: Category: Construction
sam.gov,2d31d3f55a63487ba593281513d2f0dd,"Snow Removal Services, Edward MacDowell Lake, Peterborough, NH",Dept Of The Army,SAM-021,Contract,Open,2026-10-16,,Small businesses only,"THE WORK CONSISTS OF: Provide all equipment, materials, labor, and transportation necessary to perform snow plowing services at the Edward MacDowell Lake Project area in Peterborough, NH. This procurement is set-aside for small business vendors.",Contract (Solicitation),posted,2026-10-06,2026-10-16,,,,Small Business Set Aside - Total,,NAICS 561730; PSC S218,National,https://sam.gov/workspace/contract/opp/2d31d3f55a63487ba593281513d2f0dd/view,"THE WORK CONSISTS OF: Provide all equipment, materials, labor, and transportation necessary to perform snow plowing services at the Edward MacDowell Lake Project area in Peterborough, NH. This procurement is set-aside for small business vendors. The applicable NAICS code is 561730 with a Small Business Size Standard of $9.5 Million. ALL VENDORS MUST HAVE AN ACTIVE REGISTRATION IN SAM.GOV AT THE TIME OF SUBMISSION IN ORDER TO BE CONSIDERED. ANY VENDOR THAT DOES NOT HAVE AN ACTIVE SAM.GOV REGISTRATION WILL BE REJECTED AS NON RESPONSIVE.",2026-10-07,2026-10-08,off-topic bid: snow removal
sam.gov,57a5691a4ab4466e89df9ad036115df0,"Government-Owned, Contractor-Operated (GOCO) Fuel Services at NAWS China Lake, California",Defense Logistics Agency,SAM-097,Contract,Open,2026-10-16,,Companies eligible,"The Defense Logistics Agency (DLA) Energy issues Solicitation SPE603-26-R-0530 for comprehensive non-personal Government-Owned, Contractor-Operated (GOCO) fuel services at Naval Air Weapons Station (NAWS) China Lake, California.",Contract (Combined Synopsis/Solicitation),posted,2026-09-10,2026-10-16,,,,Service-Disabled Veteran-Owned Small Business (SDVOSB) Set-Aside (FAR 19.14),,NAICS 493190; PSC M1GC,"Ridgecrest, CA",https://sam.gov/workspace/contract/opp/57a5691a4ab4466e89df9ad036115df0/view,"The Defense Logistics Agency (DLA) Energy issues Solicitation SPE603-26-R-0530 for comprehensive non-personal Government-Owned, Contractor-Operated (GOCO) fuel services at Naval Air Weapons Station (NAWS) China Lake, California. The selected contractor will be responsible for providing all personnel, equipment, tools, materials, supplies, and supervision necessary to manage, operate, and maintain the fuel facilities. Amendment 0001: Updates preproposal conference information Amendment 0002: Updates the PWS, interested vendors should base proposals on amendment 0002 PWS as attached in Attach IX",2026-10-06,2026-10-08,set-aside: service-disabled veteran
sam.gov,582dd8c64909445ba2e056b13beafdba,10--CHAMBER AND DISCRIM,Defense Logistics Agency,SAM-097,Contract,Open,2026-10-16,,Companies eligible,"Proposed procurement for NSN 1005011422841 CHAMBER AND DISCRIM: Line 0001 Qty 276 UI AY Deliver To: DLA DISTRIBUTION RED RIVER By: 0288 DAYS ADO Line 0002 Qty 1 UI EA Deliver To: DLA DISTRIBUTION RED RIVER By: 0090 DAYS ADO All responsible sources may submit a quote which, if ...",Contract (Combined Synopsis/Solicitation),posted,2026-10-05,2026-10-16,,,,Service-Disabled Veteran-Owned Small Business (SDVOSB) Set-Aside (FAR 19.14),,NAICS 332994; PSC 10,National,https://sam.gov/workspace/contract/opp/582dd8c64909445ba2e056b13beafdba/view,"Proposed procurement for NSN 1005011422841 CHAMBER AND DISCRIM: Line 0001 Qty 276 UI AY Deliver To: DLA DISTRIBUTION RED RIVER By: 0288 DAYS ADO Line 0002 Qty 1 UI EA Deliver To: DLA DISTRIBUTION RED RIVER By: 0090 DAYS ADO All responsible sources may submit a quote which, if timely received, shall be considered. Quotes must be submitted electronically.",2026-10-06,2026-10-08,set-aside: service-disabled veteran
sam.gov,cf056f605b6a421a926d673e2d7fcbf2,REPAIR AC PAVING,Dept Of The Army,SAM-021,Contract,Open,2026-10-16,,Small businesses only,"Amendment 0004: The purpose of this amendment is to extend the quote due date from ""5 October 2026"" to ""16 October 2026"" and add a revised Statement of work, Drawings, AOI Requirements, Storm Water & Erosion Certificate, AF 103, Work Permit, and Storm Water Inlet Protection ...",Contract (Combined Synopsis/Solicitation),posted,2026-10-05,2026-10-16,,,,Small Business Set Aside - Total,,NAICS 238990; PSC Z2LZ,"March Air Reserve Base, CA",https://sam.gov/workspace/contract/opp/cf056f605b6a421a926d673e2d7fcbf2/view,"Amendment 0004: The purpose of this amendment is to extend the quote due date from ""5 October 2026"" to ""16 October 2026"" and add a revised Statement of work, Drawings, AOI Requirements, Storm Water & Erosion Certificate, AF 103, Work Permit, and Storm Water Inlet Protection attachments. Amendment 0003: The purpose of this amendment is to extend the quote due date from ""24 September 2026"" to ""5 October 2026"" and to add the Liquidated Damages Clause and amounts. Amendment 0002: The purpose of this amendment is to incorporate a revised Statement of work, Drawings and questions and answers/RFIs Am",2026-10-06,2026-10-08,construction bid: paving
sam.gov,d837aaba872245f1b1c40416381763c8,"657-27-107JC, Replace Select Hot Water Heating System","Veterans Affairs, Department Of",SAM-036,Contract,Open,2026-10-16,,Companies eligible,Amendment 36C25526R0166_1 0003 Purpose: The site-visit sign-in sheet and RFI questions are incorporated. Please see attachement section for sign in sheet and RFIs.,Contract (Solicitation),posted,2026-09-28,2026-10-16,,,,Service-Disabled Veteran-Owned Small Business (SDVOSB) Sole Source (FAR 19.14),,NAICS 238220; PSC Z2DA,"Saint Louis, MO",https://sam.gov/workspace/contract/opp/d837aaba872245f1b1c40416381763c8/view,Amendment 36C25526R0166_1 0003 Purpose: The site-visit sign-in sheet and RFI questions are incorporated. Please see attachement section for sign in sheet and RFIs. ______________________________________________________________________________________________________ Amendment 36C25526R0166_1 0002 Purpose: The design manual attached also serves as the specifications for this solicitation. The solicitation can be accessed in the attachment section. ______________________________________________________________________________________________________ Amendment 36C25526R0166_1 0001 Purpose: To inc,2026-10-06,2026-10-08,set-aside: service-disabled veteran
chicago-eprocurement,"64221,1","1273539B: Various Oils, Grease, and Lubricants (Target Market)",Chicago Department Of Water Management,CHI,Contract,Open,2026-10-19,,Any company,Spec 1273539B; Compliance goals: Target Market; Questions due 2026-08-27,Contract (Commodities),posted,2026-08-13,2026-10-19,,,,Any vendor; Target Market set-aside (City-certified MBE/WBE firms only),,Commodities,"Chicago, IL",https://eprocurement.cityofchicago.org/OA_HTML/OA.jsp?OAFunc=PON_ABSTRACT_PAGE,Spec 1273539B; Compliance goals: Target Market; Questions due 2026-08-27,2026-10-06,2026-10-08,set-aside: target market
sam.gov,05e06e79f3e84021949558cc780f72e6,59--EMI CONTROL BOX AS,Defense Logistics Agency,SAM-097,Contract,Open,2026-10-19,,Companies eligible,Proposed procurement for NSN 5999016463356 EMI CONTROL BOX AS: Line 0001 Qty 15 UI EA Deliver To: DLA DISTRIBUTION RED RIVER By: 0236 DAYS ADO Approved source is 80195 5252515. The solicitation is an RFQ and will be available at the link provided in this notice.,Contract (Combined Synopsis/Solicitation),posted,2026-10-07,2026-10-19,,,,Service-Disabled Veteran-Owned Small Business (SDVOSB) Set-Aside (FAR 19.14),,NAICS 334419; PSC 59,National,https://sam.gov/workspace/contract/opp/05e06e79f3e84021949558cc780f72e6/view,"Proposed procurement for NSN 5999016463356 EMI CONTROL BOX AS: Line 0001 Qty 15 UI EA Deliver To: DLA DISTRIBUTION RED RIVER By: 0236 DAYS ADO Approved source is 80195 5252515. The solicitation is an RFQ and will be available at the link provided in this notice. Hard copies of this solicitation are not available. Specifications, plans, or drawings are not available. All responsible sources may submit a quote which, if timely received, shall be considered. Quotes must be submitted electronically.",2026-10-08,2026-10-08,set-aside: service-disabled veteran
sam.gov,53795ae30c3c415bb926df031e04b94f,"USACE SPK DBB Construction - LAR C3B South - Sacramento, CA",Dept Of The Army,SAM-021,Contract,Coming soon,2026-10-19,,Small businesses only,The United States Army Corps of Engineers (USACE) Sacramento District (SPK) anticipates a potential requirement for design-bid-build (DBB) construction services to conduct erosion control and levee strengthening protections along the South bank of the Lower American River (LAR) ...,Contract (Presolicitation),forecast,2026-10-01,2026-10-19,,,,Small Business Set Aside - Total,,NAICS 237990; PSC Y1LC,"Sacramento, CA",https://sam.gov/workspace/contract/opp/53795ae30c3c415bb926df031e04b94f/view,"The United States Army Corps of Engineers (USACE) Sacramento District (SPK) anticipates a potential requirement for design-bid-build (DBB) construction services to conduct erosion control and levee strengthening protections along the South bank of the Lower American River (LAR) in Sacramento, California (CA). The anticipated project is required to continue American River Common Features (ARCF) erosion reduction efforts along the LAR. Prior efforts were awarded under USACE contract W9123824C0014, LAR Contract 3 (C3) A. The anticipated forthcoming requirement is referred to as “LAR C3B” (Contrac",2026-10-06,2026-10-08,construction bid: construction
sam.gov,6309fba9bba54dc4832fed013d3bf517,"53--CAP,PROTECTIVE,DUST AN",Defense Logistics Agency,SAM-097,Contract,Open,2026-10-19,,Companies eligible,"Proposed procurement for NSN 5340012319546 CAP,PROTECTIVE,DUST AN: Line 0001 Qty 31 UI EA Deliver To: DLA DISTRIBUTION RED RIVER By: 0285 DAYS ADO This is a source controlled drawing item. Approved sources are 77445 P4021619; 98376 P4021594.",Contract (Combined Synopsis/Solicitation),posted,2026-10-07,2026-10-19,,,,Service-Disabled Veteran-Owned Small Business (SDVOSB) Set-Aside (FAR 19.14),,NAICS 332510; PSC 53,National,https://sam.gov/workspace/contract/opp/6309fba9bba54dc4832fed013d3bf517/view,"Proposed procurement for NSN 5340012319546 CAP,PROTECTIVE,DUST AN: Line 0001 Qty 31 UI EA Deliver To: DLA DISTRIBUTION RED RIVER By: 0285 DAYS ADO This is a source controlled drawing item. Approved sources are 77445 P4021619; 98376 P4021594. The solicitation is an RFQ and will be available at the link provided in this notice. Hard copies of this solicitation are not available. The items furnished must meet the requirements of the drawing cited in the solicitation. Digitized drawings and Military Specifications and Standards may be retrieved, or ordered, electronically. All responsible sources ",2026-10-08,2026-10-08,set-aside: service-disabled veteran
sam.gov,633afecee69e4e36af531442087b3eb5,"25--HEATER,VEHICULAR,COMPA",Defense Logistics Agency,SAM-097,Contract,Open,2026-10-19,,Companies eligible,"Proposed procurement for NSN 2540014415673 HEATER,VEHICULAR,COMPA: Line 0001 Qty 29 UI EA Deliver To: DLA DISTRIBUTION RED RIVER By: 0255 DAYS ADO Approved source is 0FQD8 J503639. The solicitation is an RFQ and will be available at the link provided in this notice.",Contract (Combined Synopsis/Solicitation),posted,2026-10-07,2026-10-19,,,,SBA Certified Women-Owned Small Business (WOSB) Program Set-Aside (FAR 19.15),,NAICS 336320; PSC 25,National,https://sam.gov/workspace/contract/opp/633afecee69e4e36af531442087b3eb5/view,"Proposed procurement for NSN 2540014415673 HEATER,VEHICULAR,COMPA: Line 0001 Qty 29 UI EA Deliver To: DLA DISTRIBUTION RED RIVER By: 0255 DAYS ADO Approved source is 0FQD8 J503639. The solicitation is an RFQ and will be available at the link provided in this notice. Hard copies of this solicitation are not available. Specifications, plans, or drawings are not available. All responsible sources may submit a quote which, if timely received, shall be considered. Quotes must be submitted electronically.",2026-10-08,2026-10-08,set-aside: women-owned
sam.gov,84de556cba1e45e2b2ea4604e032dc23,N065--Sources Sought -- Slit Lamp Installation James Lovell FHCC,"Veterans Affairs, Department Of",SAM-036,Contract,Info request,2026-10-19,,Companies eligible,"This is not a solicitation for proposals, proposal abstracts, bids, or quotations. The purpose of this notice is to obtain information regarding the availability and capability of all qualified sources to fulfil a potential requirement.",Contract (Sources Sought),forecast,2026-10-07,2026-10-19,,,,Service-Disabled Veteran-Owned Small Business (SDVOSB) Set-Aside (FAR 19.14),,NAICS 339115; PSC N065,"North Chicago, IL",https://sam.gov/workspace/contract/opp/84de556cba1e45e2b2ea4604e032dc23/view,"This is not a solicitation for proposals, proposal abstracts, bids, or quotations. The purpose of this notice is to obtain information regarding the availability and capability of all qualified sources to fulfil a potential requirement. Responses to the information requested will assist the Government in determining the appropriate acquisition method. The Great Lakes Acquisition Center (GLAC) is soliciting businesses for SLIT LAMP installation for the Captain James A. Lovell Federal Health Care Center (FHCC) located at 3001 Green Bay Rd., North Chicago, IL 60064. Any company submitting a quote",2026-10-08,2026-10-08,set-aside: service-disabled veteran
sam.gov,93a27305e95b4dfeaa353a0f3a696e85,J012--Fire Suppression Testing,"Veterans Affairs, Department Of",SAM-036,Contract,Open,2026-10-19,,Companies eligible,"The Malcom Randall VA Medical Center, at 1601 SW Archer Rd. Gainesville, Florida maintains a water-based fire suppression system in five (5) buildings and eleven (11) trailers.",Contract (Combined Synopsis/Solicitation),posted,2026-09-29,2026-10-19,,,,Service-Disabled Veteran-Owned Small Business (SDVOSB) Set-Aside (FAR 19.14),,NAICS 811310; PSC J012,National,https://sam.gov/workspace/contract/opp/93a27305e95b4dfeaa353a0f3a696e85/view,"The Malcom Randall VA Medical Center, at 1601 SW Archer Rd. Gainesville, Florida maintains a water-based fire suppression system in five (5) buildings and eleven (11) trailers. Per VA Directive the entire system must be inspected by NFPA-25 certified inspectors annually/semi-annually.",2026-10-06,2026-10-08,set-aside: service-disabled veteran
sam.gov,c507dc25c1244feb821d4336603b529f,"Two Phase Design and Construction of the Port Monmouth Phase II, Contract 1 Mitigation Project",Dept Of The Army,SAM-021,Contract,Open,2026-10-19,,Any company,As of 02 October 2026: Amendment 0001 posted along with Phase one and Phase Two DB Selection Procedure documents. As of 18 September 2026: RTA 30% Package broken up and uploaded due to SAM size limitation. As of 17 September 2026: Phase I of a Two Phase BVTO posted.,Contract (Solicitation),posted,2026-10-02,2026-10-19,,,,Any vendor,,NAICS 237990; PSC Y1PZ,"Port Monmouth, NJ",https://sam.gov/workspace/contract/opp/c507dc25c1244feb821d4336603b529f/view,"As of 02 October 2026: Amendment 0001 posted along with Phase one and Phase Two DB Selection Procedure documents. As of 18 September 2026: RTA 30% Package broken up and uploaded due to SAM size limitation. As of 17 September 2026: Phase I of a Two Phase BVTO posted. The Port Monmouth project consists of shore protection components (Phase 1) as well as flood risk management components (Phase II). The project provides for reduction of storm damages to low-lying residential and commercial structures from coastal erosion, tidal flooding, and inland flooding along Pews and Compton Creeks caused by ",2026-10-06,2026-10-08,construction bid: construction
sam.gov,cea30ab7568d4e7da754f7d773997599,"49--CLEANER,PRESSURE,SOLVE",Defense Logistics Agency,SAM-097,Contract,Open,2026-10-19,,Companies eligible,"Proposed procurement for NSN 4940015423324 CLEANER,PRESSURE,SOLVE: Line 0001 Qty 4 UI EA Deliver To: DLA DISTRIBUTION RED RIVER By: 0197 DAYS ADO Approved source is 19911 475.002. The solicitation is an RFQ and will be available at the link provided in this notice.",Contract (Combined Synopsis/Solicitation),posted,2026-10-07,2026-10-19,,,,Service-Disabled Veteran-Owned Small Business (SDVOSB) Set-Aside (FAR 19.14),,NAICS 334419; PSC 49,National,https://sam.gov/workspace/contract/opp/cea30ab7568d4e7da754f7d773997599/view,"Proposed procurement for NSN 4940015423324 CLEANER,PRESSURE,SOLVE: Line 0001 Qty 4 UI EA Deliver To: DLA DISTRIBUTION RED RIVER By: 0197 DAYS ADO Approved source is 19911 475.002. The solicitation is an RFQ and will be available at the link provided in this notice. Hard copies of this solicitation are not available. Specifications, plans, or drawings are not available. All responsible sources may submit a quote which, if timely received, shall be considered. Quotes must be submitted electronically.",2026-10-08,2026-10-08,set-aside: service-disabled veteran
commbuys,BD-27-1030-0H100-0H002-133210,"616375 LEOMINSTER FAP No. EMR/STP/PRC-EMRS(123)X Culvert Replacement, Culvert Repair and Retaining",Department of Transportation,MA,Contract,Open,2026-10-20,,Any company,,Contract (bid),posted,,2026-10-20,,,,Any vendor,,,Massachusetts,https://www.commbuys.com/bso/external/bidDetail.sda?docId=BD-27-1030-0H100-0H002-133210&external=true&parentUrl=close,,2026-10-06,2026-10-08,construction bid: culvert replacement
eva-virginia,IV127650,408319 Dozier's Corner Pump Station Repl (AT015400),Hampton Roads Sanitation District,VA,Contract,Open,2026-10-20,,Any company,"The Project or Work consists of construction of a replacement pump station to include two (2) 25-HP submersible solids handling pumps and a permanent natural gas bypass pump, force main tie-in with approximately 720 linear feet of new 10-inch HDPE force main, appurtenances, ...",Contract (Design-Bid-Build (DBB)),posted,2026-09-01,2026-10-20,,,,Any vendor,,Category: Construction,"Chesapeake, VA",https://mvendor.cgieva.com/Vendor/public/IVDetails.jsp?PageTitle=SO+Details&rfp_id_lot=127650&rfp_id_round=0,"The Project or Work consists of construction of a replacement pump station to include two (2) 25-HP submersible solids handling pumps and a permanent natural gas bypass pump, force main tie-in with approximately 720 linear feet of new 10-inch HDPE force main, appurtenances, drainage work including replacement of the existing triple culvert with a new precast box culvert, pipe and two (2) manhole rehabilitations, and the demolition of the existing Dozierâs Corner Pump Station at 1109 Keats Street in Chesapeake. Access to the project site will be through a temporary ingress/egress easement thr",2026-10-06,2026-10-08,construction bid: Category: Construction
sam.gov,9203f7196df34943b804cfcecd1de674,Z2NZ-- 658-23-108 Correct Stormwater Drainage,"Veterans Affairs, Department Of",SAM-036,Contract,Open,2026-10-20,,Companies eligible,"Project Title: Correct Storm Water Drainage Project Number: 658-23-108 NAICS Code: 237110 Water and Sewer and Related Structures Construction Magnitude of Construction is between $10,000,000 and $20,000,000 THIS IS 100% SERVICE-DISABLED VETERAN OWNED SMALL BUSINESS SET-ASIDE.",Contract (Solicitation),posted,2026-09-22,2026-10-20,,,,Service-Disabled Veteran-Owned Small Business (SDVOSB) Set-Aside (FAR 19.14),,NAICS 237110; PSC Z2NZ,"Salem, VA",https://sam.gov/workspace/contract/opp/9203f7196df34943b804cfcecd1de674/view,"Project Title: Correct Storm Water Drainage Project Number: 658-23-108 NAICS Code: 237110 Water and Sewer and Related Structures Construction Magnitude of Construction is between $10,000,000 and $20,000,000 THIS IS 100% SERVICE-DISABLED VETERAN OWNED SMALL BUSINESS SET-ASIDE. Project Description: Contractor shall provide all labor, material, equipment, and qualified supervision as necessary to perform work as described in the Drawings and Specifications for Project 658-23-108 Correct Storm Water Drainage at the Salem VA Medical Center (VAMC) located in Salem, Virginia 24153. This contract will",2026-10-06,2026-10-08,set-aside: service-disabled veteran
sam.gov,aa9a6d535c244304bac93aaefe9f5153,"USACE SPK DBB Construction - LAR C3B North - Sacramento, CA",Dept Of The Army,SAM-021,Contract,Coming soon,2026-10-20,,Small businesses only,The United States Army Corps of Engineers (USACE) Sacramento District (SPK) anticipates a potential requirement for design-bid-build (DBB) construction services to conduct erosion control and levee strengthening protections along the North bank of the Lower American River (LAR) ...,Contract (Presolicitation),forecast,2026-10-02,2026-10-20,,,,Small Business Set Aside - Total,,NAICS 237990; PSC Y1LC,"Sacramento, CA",https://sam.gov/workspace/contract/opp/aa9a6d535c244304bac93aaefe9f5153/view,"The United States Army Corps of Engineers (USACE) Sacramento District (SPK) anticipates a potential requirement for design-bid-build (DBB) construction services to conduct erosion control and levee strengthening protections along the North bank of the Lower American River (LAR) in Sacramento, California (CA). The anticipated project is required to continue American River Common Features (ARCF) erosion reduction efforts along the LAR. Prior efforts were awarded under USACE contract W9123824C0014, LAR Contract 3 (C3) A. The anticipated forthcoming requirement is referred to as “LAR C3B” (Contrac",2026-10-06,2026-10-08,construction bid: construction
eva-virginia,IV128464,MAMaC Elevated Water Storage Tank,Greensville County Water & Sewer Authority,VA,Contract,Open,2026-10-21,,Any company,"This project includes the construction of a 1-million-gallon composite elevated water storage tank with water booster pumping station in the base, piping, foundation, site work, and other associated appurtenances.",Contract (Invitation for Bids (IFB)),posted,2026-09-22,2026-10-21,,,,Any vendor,,Category: Construction,"Greensville County , VA",https://mvendor.cgieva.com/Vendor/public/IVDetails.jsp?PageTitle=SO+Details&rfp_id_lot=128464&rfp_id_round=2,"This project includes the construction of a 1-million-gallon composite elevated water storage tank with water booster pumping station in the base, piping, foundation, site work, and other associated appurtenances. To connect the tank to the existing Greensville County Water & Sewer Authority system, the project includes the construction of approximately 835 LF of 16â waterline and associated appurtenances, including two jack and bore installations totaling approximately 300 LF. The project also includes the following waterline connections to the future MAMaC system: northern connection of ap",2026-10-06,2026-10-08,construction bid: Category: Construction
eva-virginia,IV128544,"IFB 27-01-SD CHANCELLOR PARK SIDEWALK PROJECT, SPOTSYLVANIA, VA",Spotsylvania County,VA,Contract,Open,2026-10-21,,Any company,"The County of Spotsylvania, VA is seeking bids from qualified Contractors to provideconstruction services and materials for construction of a 5-foot sidewalk along the western side ofChancellor Park Drive with curb and gutter and enclosed drainage.",Contract (Invitation for Bids (IFB)),posted,2026-09-16,2026-10-21,,,,Any vendor,,Category: Construction,"Spotsylvania, VA, VA",https://mvendor.cgieva.com/Vendor/public/IVDetails.jsp?PageTitle=SO+Details&rfp_id_lot=128544&rfp_id_round=0,"The County of Spotsylvania, VA is seeking bids from qualified Contractors to provideconstruction services and materials for construction of a 5-foot sidewalk along the western side ofChancellor Park Drive with curb and gutter and enclosed drainage. A new 8-inch waterline isrequired behind the sidewalk with sanitary service connections. This work occurs betweenWillow Pond Drive and Charger Lane and is approximately 855 feet in length.Additional sidewalk is planned at the intersection of Willow Pond Drive (East) and ChancellorPark Drive and a CG-12 is planned approximately 965 feet north of Char",2026-10-06,2026-10-08,construction bid: sidewalk
nyc-city-record,20260904021,"Request for Proposals (RFP) for the Renovation, Operation and Maintenance of a Snack Bar at the John Street Service Building at the East River Waterfront Esplanade, Manhattan",NYC Parks and Recreation,NYC,Contract,Open,2026-10-21,,Any company,"In accordance with Section 1-13 of the Concession Rules of the City of New York, New York City Department of Parks and Recreation (Parks) is issuing a non-significant Request for Proposals (RFP) for the Renovation, Operation and Maintenance of a Snack Bar at the John Street ...",Contract (Competitive Sealed Proposals),posted,2026-09-15,2026-10-21,,,,Any vendor,,Goods and Services,New York City,https://a856-cityrecord.nyc.gov/RequestDetail/20260904021,"In accordance with Section 1-13 of the Concession Rules of the City of New York, New York City Department of Parks and Recreation (Parks) is issuing a non-significant Request for Proposals (RFP) for the Renovation, Operation and Maintenance of a Snack Bar at the John Street Service Building at the East River Waterfront Esplanade, Manhattan. There will be a recommended remote proposer meeting on September 29,2026, at 11:00am EST. If you are considering responding to this RFP, please make every effort to attend this recommended remote proposer meeting. The link for the remote proposer meetin",2026-10-06,2026-10-08,off-topic bid: snack bar
cleveland,108-26,Florosilicic Acid,City of Cleveland Division of Water,CLE,Contract,Open,2026-10-22,,Any company,"File Number: 108-26 Ordinance: 129.24 Description: FOR THE DIVISION OF WATER FOR THE DEPARTMENT OF PUBLIC UTILITIES AS AUTHORIZED BY ORDINANCE 129.24. PASSED BY COUNCIL SEPTEMBER 21, 1992.",Contract (bid),posted,,2026-10-22,,,,Any vendor,,Division of Water,"Cleveland, OH",https://www.clevelandohio.gov/city-hall/departments/finance/invitations-bid#collapse_111616,"File Number: 108-26 Ordinance: 129.24 Description: FOR THE DIVISION OF WATER FOR THE DEPARTMENT OF PUBLIC UTILITIES AS AUTHORIZED BY ORDINANCE 129.24. PASSED BY COUNCIL SEPTEMBER 21, 1992. There will be a NON MANDATORY Pre-Bid Meeting, Thursday, October 1, 2026 at 11:00 am., Via Microsoft Teams, To call into meeting dial in 1-929-352-1743, Access Code 700 970 841 #. Note: Bid must be delivered to the Office of the Commissioner of Purchases and Supplies, Cleveland City Hall, , Room 128, Cleveland, Ohio 44114 before 12 o'clock noon (Eastern Time). Sealed Bids will be opened at Noon on: THURSDAY ",2026-10-08,2026-10-08,off-topic bid: florosilicic
commbuys,BD-27-1499-TDPW1-TDPW1-133870,IFB - Water Storage Tank Replacement,Town of Tisbury,MA,Contract,Open,2026-10-22,,Any company,,Contract (bid),posted,,2026-10-22,,,,Any vendor,,,Massachusetts,https://www.commbuys.com/bso/external/bidDetail.sda?docId=BD-27-1499-TDPW1-TDPW1-133870&external=true&parentUrl=close,,2026-10-06,2026-10-08,construction bid: tank replacement
commbuys,BD-27-1531-SWSPD-SWSPD-133651,SWSC Bid No. 27-13 Springfield Reservoir Culvert Replacement Project,Springfield Water and Sewer Commission,MA,Contract,Open,2026-10-22,,Any company,,Contract (bid),posted,,2026-10-22,,,,Any vendor,,,Massachusetts,https://www.commbuys.com/bso/external/bidDetail.sda?docId=BD-27-1531-SWSPD-SWSPD-133651&external=true&parentUrl=close,,2026-10-06,2026-10-08,construction bid: culvert replacement
eva-virginia,IV127048,UOSA IFB 27-02 P2NR+ Construction,Upper Occoquan Service Authority,VA,Contract,Open,2026-10-22,,Any company,"The project generally consists of nitrogen management process improvements andcomplementary Renewal and Replacement (R/R) improvements at the Millard H.Robbins, Jr. Regional Water Reclamation Plant (RWRP).",Contract (Invitation for Bids (IFB)),posted,2026-08-24,2026-10-22,,,,Any vendor,,Category: Construction,"14631 Compton Rd, Centreville, VA 20121, VA",https://mvendor.cgieva.com/Vendor/public/IVDetails.jsp?PageTitle=SO+Details&rfp_id_lot=127048&rfp_id_round=0,"The project generally consists of nitrogen management process improvements andcomplementary Renewal and Replacement (R/R) improvements at the Millard H.Robbins, Jr. Regional Water Reclamation Plant (RWRP). Major work includesreplacement of eight (8) screw pumps at Primary Effluent Lift Stations (PELS) 55/1and 55/2; upgrade of two (2) RAS pumps and increased pumping capacity at RASPump Station 9/1; and cyclone/settleability improvements at Selector Basins 56/1â56/3 and 56/4â56/7; replacement of secondary clarifier mechanisms for SecondaryClarifiers 6/5 and 6/6; replacement of electrical equ",2026-10-06,2026-10-08,construction bid: construction
eva-virginia,IV128247,Service Arena - 242 S Harton Circle Pump Station Force Main Replacement,City of Virginia Beach,VA,Contract,Open,2026-10-22,,Any company,"The work includes installation of approximately 3,500 linear feet of 8-inch ductile iron force main to replace an existing 8-inch cast iron/ductile iron force main along Harton Circle, Harton Road, Caren Drive, Virginius Drive, and Malibu Drive.",Contract (Invitation for Bids (IFB)),posted,2026-09-10,2026-10-22,,,,Any vendor,,Category: Construction,"Virginia Beach, VA",https://mvendor.cgieva.com/Vendor/public/IVDetails.jsp?PageTitle=SO+Details&rfp_id_lot=128247&rfp_id_round=0,"The work includes installation of approximately 3,500 linear feet of 8-inch ductile iron force main to replace an existing 8-inch cast iron/ductile iron force main along Harton Circle, Harton Road, Caren Drive, Virginius Drive, and Malibu Drive. The proposed force main will tie-in with the existing 8-inch ductile iron force main in the right-of-way (ROW) in front of PS 242 Harton Circle and then tie-in to an existing 12-inch ductile iron force main at the intersection of Malibu Drive and Royal Palm Arch.",2026-10-06,2026-10-08,construction bid: force main
eva-virginia,IV128970,27-14-3366NS -Pamunkey Regional Jail Waterline,Hanover County,VA,Contract,Open,2026-10-22,,Any company,"The project is generally described as: Provide all labor, materials, tools, equipment, services,transportation, and incidentals necessary to install 800 feet of new 16â waterline, 110 feet of 12â waterline, horizontaldirectional drill under Mechumps Creek, and other ...",Contract (Invitation for Bids (IFB)),posted,2026-10-01,2026-10-22,,,,Any vendor,,Category: Construction,"Hanover County, VA, VA",https://mvendor.cgieva.com/Vendor/public/IVDetails.jsp?PageTitle=SO+Details&rfp_id_lot=128970&rfp_id_round=2,"The project is generally described as: Provide all labor, materials, tools, equipment, services,transportation, and incidentals necessary to install 800 feet of new 16â waterline, 110 feet of 12â waterline, horizontaldirectional drill under Mechumps Creek, and other appurtenances in Hanover County, VA. All work shall be as describedin the Project Manual and shown on the Contract Drawings.",2026-10-06,2026-10-08,construction bid: Category: Construction
eva-virginia,IV129017,IFB # 448 - Airport Road Pump Station & Ground Storage Tank Improvements,Rivanna Water & Sewer Authority,VA,Contract,Open,2026-10-22,,Any company,Rivanna Water & Sewer Authority (RWSA) is planning improvements to the Airport Road Pump Station (ARPS) to increase system capacity and support future growth in the northern service area.,Contract (Invitation for Bids (IFB)),posted,2026-09-24,2026-10-22,,,,Any vendor,,Category: Construction,"Charlottesville, VA, VA",https://mvendor.cgieva.com/Vendor/public/IVDetails.jsp?PageTitle=SO+Details&rfp_id_lot=129017&rfp_id_round=0,"Rivanna Water & Sewer Authority (RWSA) is planning improvements to the Airport Road Pump Station (ARPS) to increase system capacity and support future growth in the northern service area. The project includes adding pumping capacity within the existing station and constructing new ground storage tank(s) (GST) at the ARPS site.A Non-Mandatory Online Only Pre-Bid Meeting will be held Tuesday, October 6, 2026 at 9:00 a.m. EST",2026-10-06,2026-10-08,construction bid: Category: Construction
eva-virginia,IV129262,Staunton River Battlefield State Park Parking Lot & Trail Paving Maintenance (Charlotte County),Department of Conservation and Recreation,VA,Contract,Open,2026-10-22,,Any company,"asphalt paving, improvements, general maintenance, and repairs of approximately 4035 Square Yards of asphalt Pathway and accommodation parking areas at Staunton River Trail and Visitors Center Parking lot located at Staunton River Battlefield State Park.",Contract (Invitation for Bids (IFB)),posted,2026-10-01,2026-10-22,,,,Any vendor,,"Category: Non-professional Services - Non-Technology; Paving/Resurfacing, Alley and Parking Lot; Paving/Resurfacing, Alley and Parking Lot; Paving/Resurfacing, Alley and Parking Lot; Paving/Resurfacing, Alley and Parking Lot; Paving/Resurfacing, Alley and Parking Lot; Paving/Resurfacing, Alley and Parking Lot","Staunton River Battlefield State Park, 1035 Fort Hill TrailRandolph, Virginia 23962, VA",https://mvendor.cgieva.com/Vendor/public/IVDetails.jsp?PageTitle=SO+Details&rfp_id_lot=129262&rfp_id_round=0,"asphalt paving, improvements, general maintenance, and repairs of approximately 4035 Square Yards of asphalt Pathway and accommodation parking areas at Staunton River Trail and Visitors Center Parking lot located at Staunton River Battlefield State Park. Mandatory Pre Bid Meeting October 19, 2026, 10:00 AM, Questions Due by October 20, 2026, 5:00 PM",2026-10-06,2026-10-08,construction bid: paving
sam.gov,eb63649d22474a078beaeb239e40188b,Norfolk CSRM - PH1A - Floodwall Construction SATOC DBB,Dept Of The Army,SAM-021,Contract,Info request,2026-10-22,,Any company,"10/07/2026 - Update made to the Eventbrite attachment to remove FAR reference 36.3, which is a reference to DB and is not applicablle to this procurement. The U.S.",Contract (Special Notice),posted,2026-10-07,2026-10-22,,,,Any vendor,,NAICS 237990; PSC Y1PZ,"Norfolk, VA",https://sam.gov/workspace/contract/opp/eb63649d22474a078beaeb239e40188b/view,"10/07/2026 - Update made to the Eventbrite attachment to remove FAR reference 36.3, which is a reference to DB and is not applicablle to this procurement. The U.S. Army Corps of Engineers (USACE) Norfolk District is scheduled to host an “Industry Day” event on October 29, 2026, from 9:30 a.m. to 11:30 a.m., Eastern Daylight Time (EDT) for construction contractors interested in the Norfolk CSRM Phase 1A Project. The event will provide an opportunity for Large and Small Business contractors to learn about the upcoming construction project. The one-day event will include a presentation encompassi",2026-10-08,2026-10-08,construction bid: construction
eva-virginia,IV129065,INVITATION TO APPLY FOR PRE-QUALIFICATION FOR DEAD RUN AT GEORGETOWN PIKE,County of Fairfax,VA,Contract,Open,2026-10-23,,Any company,"Restoration of 5,916 linear feet of stream using natural channel design and riparian corridor enhancements toimprove water quality. Invasive plants will be removed and replaced with native trees, shrubs, and herbaceous vegetation.",Contract (Request for Pre-qualifications (RFPQ)),posted,2026-09-25,2026-10-23,,,,Any vendor,,Category: Construction,"Fairfax County, Virginia, VA",https://mvendor.cgieva.com/Vendor/public/IVDetails.jsp?PageTitle=SO+Details&rfp_id_lot=129065&rfp_id_round=0,"Restoration of 5,916 linear feet of stream using natural channel design and riparian corridor enhancements toimprove water quality. Invasive plants will be removed and replaced with native trees, shrubs, and herbaceous vegetation. Additionally, the project requires a sanitary sewer force main bypass pumping system with flows up to 2,600 gallons per minute, requiring continuous 24-hour operation and maintenance while the bypass system is in service, as well as pre- and post-construction CCTV inspection of the sanitary sewer force main.",2026-10-06,2026-10-08,construction bid: Category: Construction
sam.gov,121d8c49adea459490c03dc6cb78d595,"RFI - Snow Removal Services - Auke Bay Laboratory Juneau, Alaska",National Oceanic And Atmospheric Administration,SAM-013,Contract,Info request,2026-10-23,,Any company,"NOAA – National Marine Fisheries Service – AFSC – Snow Removal Services at Auke Bay Laboratory/Ted Stevens Marine Research Institute This is a Sources Sought Notice in preparation for an upcoming procurement, the National Oceanic and Atmospheric Administration (NOAA), National ...",Contract (Sources Sought),forecast,2026-10-05,2026-10-23,,,,Any vendor,,NAICS 488490; PSC S218,"Juneau, AK",https://sam.gov/workspace/contract/opp/121d8c49adea459490c03dc6cb78d595/view,"NOAA – National Marine Fisheries Service – AFSC – Snow Removal Services at Auke Bay Laboratory/Ted Stevens Marine Research Institute This is a Sources Sought Notice in preparation for an upcoming procurement, the National Oceanic and Atmospheric Administration (NOAA), National Marine Fisheries Service (NMFS), Alaska Fisheries Science Center; is conducting market research to determine potential sources for snow removal services in and around the Auke Bay Laboratory facility buildings, driveways, sidewalks, and access road. The North American Industrial Classification System (NAICS) code is 4884",2026-10-06,2026-10-08,off-topic bid: snow removal
sam.gov,65e175238a214eccbdcfbb28b53ed14f,"USACE SPK DBB Construction - Sacramento River East Levee Contract 5 (SREL C5), Sacramento, California",Dept Of The Army,SAM-021,Contract,Info request,2026-10-23,,Any company,"This Sources Sought Notice is being issued for market research purposes to determine the availability, capability, and interest of small business firms for a potential Government requirement. NO SOLICITATION IS AVAILABLE; requests for a solicitation will go unanswered.",Contract (Sources Sought),forecast,2026-10-07,2026-10-23,,,,Any vendor,,NAICS 237990; PSC Y1LC,National,https://sam.gov/workspace/contract/opp/65e175238a214eccbdcfbb28b53ed14f/view,"This Sources Sought Notice is being issued for market research purposes to determine the availability, capability, and interest of small business firms for a potential Government requirement. NO SOLICITATION IS AVAILABLE; requests for a solicitation will go unanswered. No award will be made from this Notice. Responses will be used to determine potential acquisition strategies, understand current market capabilities, and to gain knowledge of potential sources. Please refer to Attachment with this posting for additional requirement details and capability statement submission requirements. Respon",2026-10-08,2026-10-08,construction bid: construction
sam.gov,7e1e5eeb7c5a4ae0aa5292ca8fe78c45,Z1ND--EL PASO LIFT STATION PIPING REPAIR,"Veterans Affairs, Department Of",SAM-036,Contract,Open,2026-10-23,,Companies eligible,EL PASO LIFT STATION PIPING REPAIR,Contract (Combined Synopsis/Solicitation),posted,2026-10-07,2026-10-23,,,,Service-Disabled Veteran-Owned Small Business (SDVOSB) Set-Aside (FAR 19.14),,NAICS 238220; PSC Z1ND,National,https://sam.gov/workspace/contract/opp/7e1e5eeb7c5a4ae0aa5292ca8fe78c45/view,EL PASO LIFT STATION PIPING REPAIR,2026-10-08,2026-10-08,set-aside: service-disabled veteran
commbuys,BD-27-1154-CONTR-105-134182,IFB 27-0097 Emergency On-Call Water Main Break Services,City of Medford,MA,Contract,Open,2026-10-26,,Any company,,Contract (bid),posted,,2026-10-26,,,,Any vendor,,,Massachusetts,https://www.commbuys.com/bso/external/bidDetail.sda?docId=BD-27-1154-CONTR-105-134182&external=true&parentUrl=close,,2026-10-08,2026-10-08,off-topic bid: water main break
sam.gov,29182e97d06744ec9445200d715ff3aa,Mosquito Lake Control Tower Structural Standing Seam Metal Roof Replacement,Dept Of The Army,SAM-021,Contract,Open,2026-10-26,,Small businesses only,"The U.S. Army Corps of Engineers (USACE), Pittsburgh District has a project that involves the complete replacement of the standing seam metal roof on the Control Tower Building at Mosquito Creek Lake in Cortland, Ohio.",Contract (Solicitation),posted,2026-09-24,2026-10-26,,,,Small Business Set Aside - Total,,NAICS 238160; PSC Y1QA,National,https://sam.gov/workspace/contract/opp/29182e97d06744ec9445200d715ff3aa/view,"The U.S. Army Corps of Engineers (USACE), Pittsburgh District has a project that involves the complete replacement of the standing seam metal roof on the Control Tower Building at Mosquito Creek Lake in Cortland, Ohio. The work is to be completed within 365 calendar days after written Notice to Proceed (NTP). Rough Estimate of this non-commercial construction project is between $150,000.00 and $350,000.00. The work includes rerouting existing vent and exhaust pipes through the masonry side wall, installing a new gutter system, and integrating a new, certified, non-penetrating Lightning Protect",2026-10-06,2026-10-08,construction bid: roof replacement
sam.gov,69c88cabe102485fa9e27416ba524f4a,Cisco Branch Ontonagon River Bridge Replacement,Forest Service,SAM-012,Contract,Open,2026-10-26,,Small businesses only,This is a combined synopsis/solicitation for commercial items prepared in accordance with the format in FAR Part 12. This announcement constitutes the only solicitation. Quotations are being requested and a separate written solicitation will not be issued.,Contract (Combined Synopsis/Solicitation),posted,2026-10-07,2026-10-26,,,,Small Business Set Aside - Total,,NAICS 237310; PSC Y1LB,"Watersmeet, MI",https://sam.gov/workspace/contract/opp/69c88cabe102485fa9e27416ba524f4a/view,"This is a combined synopsis/solicitation for commercial items prepared in accordance with the format in FAR Part 12. This announcement constitutes the only solicitation. Quotations are being requested and a separate written solicitation will not be issued. Solicitation number 12445527Q0001 is issued as a Request for Quotation (RFQ) For the Removal and replacement of an existing concrete bridge with a 70 foot (overall length) single span concrete I-girder bridge with a concrete deck, concrete abutments, and H-pile foundations. This acquisition is set-aside for small business concerns. The appli",2026-10-08,2026-10-08,construction bid: bridge replacement
sam.gov,6b8720150b614e3c925ae2f2f35b87ef,Construction Services for the Gate 7 Parking Garage St. Elizabeths West Campus,Public Buildings Service,SAM-047,Contract,Open,2026-10-26,,Any company,"Amendment 0001 is hereby posted. ________________________________________________________________________ The General Services Administration (GSA), Public Buildings Service (PBS), is seeking a qualified contractor for construction services for the Gate 7 Parking Garage at the ...",Contract (Solicitation),posted,2026-10-06,2026-10-26,,,,Any vendor,,NAICS 236220; PSC Y1AZ,"Washington, DC",https://sam.gov/workspace/contract/opp/6b8720150b614e3c925ae2f2f35b87ef/view,"Amendment 0001 is hereby posted. ________________________________________________________________________ The General Services Administration (GSA), Public Buildings Service (PBS), is seeking a qualified contractor for construction services for the Gate 7 Parking Garage at the St. Elizabeths West Campus in Southeast Washington, DC. GSA anticipates awarding a single Firm-Fixed-Price construction contract for the new construction of the Gate 7 Parking Garage and associated site, utility, security, stormwater, landscape, and infrastructure improvements. The project will support the operational ne",2026-10-07,2026-10-08,construction bid: construction
sam.gov,9fbec5bc186b4450bf426f8c3ebe3e78,"Design and Construction of Levee Access Manholes for Fairfax-Jersey Creek Levee Unit (Kansas City, Kansas)",Dept Of The Army,SAM-021,Contract,Open,2026-10-26,,Any company,"Levee Access Manholes for Fairfax-Jersey Creek Levee Unit. The U.S. Army Corps of Engineers, Kansas City District, has a need for design-build construction services to install access manholes to facilitate access to an existing seepage collection system in the levee.",Contract (Solicitation),posted,2026-10-07,2026-10-26,,,,Any vendor,,NAICS 237990; PSC Y1PZ,National,https://sam.gov/workspace/contract/opp/9fbec5bc186b4450bf426f8c3ebe3e78/view,"Levee Access Manholes for Fairfax-Jersey Creek Levee Unit. The U.S. Army Corps of Engineers, Kansas City District, has a need for design-build construction services to install access manholes to facilitate access to an existing seepage collection system in the levee. Invasive mass excavation methods such as trenching will not be allowed. Minimally invasive excavation methods are required. The location is the Fairfax-Jersey Creek Levee Unit on the Missouri River in Kansas City, Kansas. The requirements are described in more detail in this solicitation. The North American Industry Classification",2026-10-08,2026-10-08,construction bid: construction
commbuys,BD-27-1030-0H100-0H002-132949,"612874 SHREWSBURY-WORCESTER Bridge Preservation, S-14-021=W-44-115, I-290 (EB and WB) over Lake Qu",Department of Transportation,MA,Contract,Open,2026-10-27,,Any company,,Contract (bid),posted,,2026-10-27,,,,Any vendor,,,Massachusetts,https://www.commbuys.com/bso/external/bidDetail.sda?docId=BD-27-1030-0H100-0H002-132949&external=true&parentUrl=close,,2026-10-06,2026-10-08,construction bid: bridge preservation
eva-virginia,IV129096,IFB 27-014-2230 Pump Station #43 Replacement,City of Chesapeake,VA,Contract,Open,2026-10-27,,Any company,SEE OPENGOV for all solicitation documents and process: https://procurement.opengov.com/portal/cityofchesapeakeva/projects/280519: The Work under this Project consists of the installation of approximately 2200 LF of 6-inch discharge pipe and approximately 30 LF of 8-inch ...,Contract (Invitation for Bids (IFB)),posted,2026-09-25,2026-10-27,,,,Any vendor,,Category: Construction,"Chesapeake, VA , VA",https://mvendor.cgieva.com/Vendor/public/IVDetails.jsp?PageTitle=SO+Details&rfp_id_lot=129096&rfp_id_round=0,"SEE OPENGOV for all solicitation documents and process: https://procurement.opengov.com/portal/cityofchesapeakeva/projects/280519: The Work under this Project consists of the installation of approximately 2200 LF of 6-inch discharge pipe and approximately 30 LF of 8-inch influent force main sewer. This project will also include the installation of new rail-mounted submersible pumps and pump wells, pump well connections, separate valve vaults, and other associated improvements",2026-10-06,2026-10-08,construction bid: Category: Construction
metcouncil,25P245,HVAC Services for all MCES Sites,Metropolitan Council Environmental Services,METC-ES,Contract,Open,2026-10-27,,Any company,,Contract (RFP),posted,2026-09-24,2026-10-27,,,,Any vendor,,ES,"Minneapolis-St. Paul, MN",https://metrocouncil.org/getdoc/a09334ab-f5e9-4320-83b3-bf2fa2e5c588/Number.aspx,,2026-10-08,2026-10-08,construction bid: hvac
mwrd,23-890-1S,Rehabilitation Of Local Sewers,Metropolitan Water Reclamation District of Greater Chicago,MWRD,Contract,Open,2026-10-27,Up to $2.7M,Any company,"Estimated Cost: $2,706,674.41 Pre-Bid Technical Conference: VOLUNTARY TECHNICAL PRE-BID CONFERENCE: FRIDAY, OCTOBER 2, 2026 VIA ZOOM LINK AT 11:00AM CHICAGO TIME.",Contract (bid),posted,2026-09-16,2026-10-27,,2706674,,Any vendor,,,"Chicago area, IL",https://apps.mwrd.org/ContractAnnouncements/BidDetails.aspx?contractID=2904,"Estimated Cost: $2,706,674.41 Pre-Bid Technical Conference: VOLUNTARY TECHNICAL PRE-BID CONFERENCE: FRIDAY, OCTOBER 2, 2026 VIA ZOOM LINK AT 11:00AM CHICAGO TIME. Notes: COMPLIANCE WITH THE DISTRICT'S AFFIRMATIVE ACTION ORDIANCE REVISED APPENDIX D, APPENDIX V, AND THE MULTI-PROJECT LABOR AGREEMENT ARE REQUIRED ON THIS CONTRACT.",2026-10-06,2026-10-08,construction bid: rehabilitation of local sewers
sam.gov,107fb4f7ed9d49308fc3f5ad093e10a1,Grounds maintenance services for Riverside National Cemetery. -- S208,"Veterans Affairs, Department Of",SAM-036,Contract,Info request,2026-10-27,,Companies eligible,Grounds maintenance services for Riverside National Cemetery. Purpose of this amendment is to open the solicitation to invite additional vendors' questions due to the revised PWS (amendment 0006).,Contract (Special Notice),posted,2026-10-06,2026-10-27,,,,Service-Disabled Veteran-Owned Small Business (SDVOSB) Set-Aside (FAR 19.14),,NAICS 561730; PSC S208,"Riverside, CA",https://sam.gov/workspace/contract/opp/107fb4f7ed9d49308fc3f5ad093e10a1/view,"Grounds maintenance services for Riverside National Cemetery. Purpose of this amendment is to open the solicitation to invite additional vendors' questions due to the revised PWS (amendment 0006). Vendors' additional questions are due no later than 1700 PST on 10/13/2026 and the deadline for proposals has been extended to 10/27/2026. Also, the NCA Contracting Office has been experiencing technical difficulties publishing to Contract Opportunities. Please reach out to Ralph.Crum@va.gov if you are missing the base solicitation and amendments 0001 through 0006 and I will provide links/copies.",2026-10-07,2026-10-08,set-aside: service-disabled veteran
sam.gov,75bab0e1901f45f8839a6bdf1ef8be14,WASTEWATER PRETREATMENT PLANT OPERATION AND MAINTENANCE SERVICES,Bureau Of Engraving And Printing,SAM-020,Contract,Open,2026-10-27,,Not companies,"6 Oct 2026 - Amendment 00004 21 Aug 2026 - Amendment 0003 07 Aug 2026 - Amendment 0002 06 Aug 2026 - Amendment 0001 The Bureau of Engraving & Printing’s (BEP) Facility located in Washington, DC contains an Industrial Wastewater Pretreatment Plant (WWPP).",Contract (Solicitation),posted,2026-10-06,2026-10-27,,,,8(a) Set-Aside (FAR 19.8),,NAICS 561210; PSC S216,"Washington, DC",https://sam.gov/workspace/contract/opp/75bab0e1901f45f8839a6bdf1ef8be14/view,"6 Oct 2026 - Amendment 00004 21 Aug 2026 - Amendment 0003 07 Aug 2026 - Amendment 0002 06 Aug 2026 - Amendment 0001 The Bureau of Engraving & Printing’s (BEP) Facility located in Washington, DC contains an Industrial Wastewater Pretreatment Plant (WWPP). BEP’s objective is to procure contractor services to manage, operate, maintain supplies and perform maintenance and provide technical support for the Wastewater and Storm Water Programs. The WWPP requires services to support the BEP on a 24/7 basis. The WWPP currently consists of four (4) systems: (1) Wiping Solution Wastewater Pretreatment Pl",2026-10-07,2026-10-08,set-aside: 8(a)
eva-virginia,IV128585,"199-18484-001 (C28) Widewater State Park, Shoreline Improvements",Department of Conservation and Recreation,VA,Contract,Open,2026-10-28,,Any company,"Construction of two segments of shoreline stabilization measures atWidewater State Park, Stafford County, VA. Contact Project Manager Syd Knight, syd.knight@dcr.virginia.gov",Contract (Invitation for Bids (IFB)),posted,2026-09-21,2026-10-28,,,,Any vendor,,Category: Construction,"Widewater State Park, Stafford County, VA, VA",https://mvendor.cgieva.com/Vendor/public/IVDetails.jsp?PageTitle=SO+Details&rfp_id_lot=128585&rfp_id_round=0,"Construction of two segments of shoreline stabilization measures atWidewater State Park, Stafford County, VA. Contact Project Manager Syd Knight, syd.knight@dcr.virginia.gov",2026-10-06,2026-10-08,construction bid: Category: Construction
eva-virginia,IV129152,ITB - POAGES MILL WATERLINE EXTENSION - PHASE II,Western Virginia Water Authority,VA,Contract,Open,2026-10-28,,Any company,"The Project consists of construction of approximately 4,800 LF of 12 inch waterline, connections to existing system, and associated appurtenances.",Contract (Invitation for Bids (IFB)),posted,2026-09-28,2026-10-28,,,,Any vendor,,Category: Construction,"Roanoke, VA, VA",https://mvendor.cgieva.com/Vendor/public/IVDetails.jsp?PageTitle=SO+Details&rfp_id_lot=129152&rfp_id_round=0,"The Project consists of construction of approximately 4,800 LF of 12 inch waterline, connections to existing system, and associated appurtenances.",2026-10-06,2026-10-08,construction bid: waterline extension
nyc-city-record,20260814014,Bid Extension: 85625B0009-CSB 151-20 Jamaica Roof Rep & WP,NYC Citywide Administrative Services,NYC,Contract,Open,2026-10-28,,Any company,"Department of Citywide Administration Services (DCAS) Facilities Management and Construction (FMC) is seeking a qualified vendor to provide, during the term of the Contract, all required labor, tools, materials, and equipment necessary to perform the roof replacement and ...",Contract (Competitive Sealed Bids),posted,2026-08-18,2026-10-28,,,,Any vendor,,Construction/Construction Services,New York City,https://a856-cityrecord.nyc.gov/RequestDetail/20260814014,"Department of Citywide Administration Services (DCAS) Facilities Management and Construction (FMC) is seeking a qualified vendor to provide, during the term of the Contract, all required labor, tools, materials, and equipment necessary to perform the roof replacement and waterproofing work at 151-20 Jamaica Avenue, Jamaica, NY 11432 in the borough of Queens in the City of New York. EPIN 85625B0009. This solicitation is being made pursuant to the Competitive Sealed Bidding Method, Section 3-02 of the New York City Procurement Policy Board (PPB) Rules. OCP Agency 856 will have bid openings virtu",2026-10-06,2026-10-08,construction bid: roof rep
sam.gov,1fd3384b29ff4f8bb66562991b38f0c5,Multiple Award IDIQ Contract for Design Build & General Construction Services - New York & New Jersey,Public Buildings Service,SAM-047,Contract,Open,2026-10-28,,Small businesses only,***UPDATE 7 OCTOBER 2026: Solicitation Amendment 0001 has been issued effective 7 October 2026. Please refer to the attachment section of this notice for updated documents*** 1. GENERAL INFORMATION Point of contact: Belkys H.,Contract (Solicitation),posted,2026-10-07,2026-10-28,,,,Small Business Set Aside - Total,,NAICS 236220; PSC Z2AA,"New York, NY",https://sam.gov/workspace/contract/opp/1fd3384b29ff4f8bb66562991b38f0c5/view,***UPDATE 7 OCTOBER 2026: Solicitation Amendment 0001 has been issued effective 7 October 2026. Please refer to the attachment section of this notice for updated documents*** 1. GENERAL INFORMATION Point of contact: Belkys H. Torres Rivera; belkys.torresrivera@gsa.gov Set-Aside: The Procurement will be a Total Small Business Set-Aside. See Set Aside Requirements below. PSC Code: Z2AA NAICS Code: 236220 Small Business Size Standard: $45M 2. ACQUISITION DETAILS 2.1 Scope of Work This is a Multiple Award Indefinite Delivery/Indefinite Quantity (IDIQ) General Construction and Design-Build Construc,2026-10-08,2026-10-08,construction bid: construction
commbuys,BD-27-1144-CAMBR-CAMBR-134290,#31234 Janitorial Services for Cambridge Water Department FY 27-30,City of Cambridge,MA,Contract,Open,2026-10-29,,Any company,,Contract (bid),posted,,2026-10-29,,,,Any vendor,,,Massachusetts,https://www.commbuys.com/bso/external/bidDetail.sda?docId=BD-27-1144-CAMBR-CAMBR-134290&external=true&parentUrl=close,,2026-10-08,2026-10-08,off-topic bid: janitorial
commbuys,BD-27-1441-COG01-COG01-134215,2027-011 Keyes Road Culvert Replacement,City of Gardner,MA,Contract,Open,2026-10-29,,Any company,,Contract (bid),posted,,2026-10-29,,,,Any vendor,,,Massachusetts,https://www.commbuys.com/bso/external/bidDetail.sda?docId=BD-27-1441-COG01-COG01-134215&external=true&parentUrl=close,,2026-10-07,2026-10-08,construction bid: culvert replacement
commbuys,BD-27-1448-TM01-TM01-134152,Construction and Installation of 2 Riverwalk Bridges,Town of Ashland,MA,Contract,Open,2026-10-29,,Any company,,Contract (bid),posted,,2026-10-29,,,,Any vendor,,,Massachusetts,https://www.commbuys.com/bso/external/bidDetail.sda?docId=BD-27-1448-TM01-TM01-134152&external=true&parentUrl=close,,2026-10-08,2026-10-08,construction bid: construction
bonfire,glwater-254444,"Personnel, and Equipment Doors and Frames Corrective Maintenance and Replacement Services",Great Lakes Water Authority,GLWA,Contract,Open,2026-10-30,,Any company,Reference REQ - 0010028,Contract,posted,,2026-10-30,,,,Any vendor,,,"Detroit area, MI",https://glwater.bonfirehub.com/opportunities/254444,Reference REQ - 0010028,2026-10-06,2026-10-08,off-topic bid: doors and frames
eva-virginia,IV128740,Fountainhead Stormwater Management Improvements,Town of Bridgewater,VA,Contract,Open,2026-10-30,,Any company,The Town is requesting sealed bids for the construction of the Fountainhead Stormwater Management Improvements project.,Contract (Invitation for Bids (IFB)),posted,2026-10-06,2026-10-30,,,,Any vendor,,Category: Construction,"Fountainhead Subdivision, Bridgewater, Virginia.  , VA",https://mvendor.cgieva.com/Vendor/public/IVDetails.jsp?PageTitle=SO+Details&rfp_id_lot=128740&rfp_id_round=1,The Town is requesting sealed bids for the construction of the Fountainhead Stormwater Management Improvements project.,2026-10-06,2026-10-08,construction bid: Category: Construction
eva-virginia,IV128955,RFQ 715024: MD1745 Stormwater Pond Retrofit,County of Loudoun,VA,Contract,Open,2026-10-30,,Any company,ATTENTION: Visit www.loudoun.gov/bids to download the solicitation for full details on the submission process. Online responses in EVA will not be accepted or considered.,Contract (Invitation for Bids (IFB)),posted,2026-09-23,2026-10-30,,,,Any vendor,,Category: Construction,"Loudoun County, VA",https://mvendor.cgieva.com/Vendor/public/IVDetails.jsp?PageTitle=SO+Details&rfp_id_lot=128955&rfp_id_round=0,"ATTENTION: Visit www.loudoun.gov/bids to download the solicitation for full details on the submission process. Online responses in EVA will not be accepted or considered. The intent of this Invitation for Bid (IFB) is for the County of Loudoun, Virginia (County) to obtain the services of a qualified General Contractor to perform the Work to retrofit and convert Stormwater Facility MD1745 from a Level I Wet Pond to Wetlands within the property identified as County PIN# 045-17-3780 off of Executive Drive in Sterling (the Project). The Work includes removal, hauling, and disposal of accumulated s",2026-10-06,2026-10-08,construction bid: Category: Construction
sam.gov,6e57f618983746358247e0c18be1324e,Oconaluftee Waterline Replacement,Forest Service,SAM-012,Contract,Open,2026-10-30,,Small businesses only,This is a combined synopsis/solicitation for commercial items prepared in accordance with the format in FAR Part 12. This announcement constitutes only solicitation. Quotations are being requested and a separate written solicitation will not be issued.,Contract (Combined Synopsis/Solicitation),posted,2026-10-06,2026-10-30,,,,Small Business Set Aside - Total,,NAICS 237110; PSC C1NE,"Cherokee, NC",https://sam.gov/workspace/contract/opp/6e57f618983746358247e0c18be1324e/view,This is a combined synopsis/solicitation for commercial items prepared in accordance with the format in FAR Part 12. This announcement constitutes only solicitation. Quotations are being requested and a separate written solicitation will not be issued. Solicitation number 12441926Q0040 is issued as a Request for Quotation (RFQ) for Waterline Replacements. This acquisition is set-aside for small business concerns. The applicable North American Industry Classification Standard Code is 237110 The small business size standard is $45 million. This acquisition is a Total Small Business Set-aside. Al,2026-10-07,2026-10-08,construction bid: waterline replacement
eva-virginia,IV129406,Town Center Exterior Site Work RFP 2026-003,Town of Haymarket,VA,Contract,Open,2026-11-02,,Any company,"The Town of Haymarket is requesting bids for the exterior site work at the Town Hall complex. Site Work includes stormwater infrastructure, curb and gutter, repaving and the addition of a turn lane on the adjoining road. Round #1: Uploaded the bid sheet to documents",Contract (Invitation for Bids (IFB)),posted,2026-10-02,2026-11-02,,,,Any vendor,,Category: Construction,"Town of Haymarket Town Center, 15000 Washington Street, Haymarket, VA 20169, VA",https://mvendor.cgieva.com/Vendor/public/IVDetails.jsp?PageTitle=SO+Details&rfp_id_lot=129406&rfp_id_round=1,"The Town of Haymarket is requesting bids for the exterior site work at the Town Hall complex. Site Work includes stormwater infrastructure, curb and gutter, repaving and the addition of a turn lane on the adjoining road. Round #1: Uploaded the bid sheet to documents",2026-10-06,2026-10-08,construction bid: Category: Construction
nyc-city-record,20260911032,M289-120M East River Esplanade E36-38 St Seawall Reconstruction,NYC Parks and Recreation,NYC,Contract,Open,2026-11-02,,Any company,"This Procurement is subject to: Section 6-129 of the New York City Administrative Code. Bid Submissions must be submitted in PASSPort. Bid Opening will be held on November 2, 2026 at 11:30am via Zoom Link.",Contract (Competitive Sealed Bids),posted,2026-09-21,2026-11-02,,,,Any vendor,,Construction/Construction Services,New York City,https://a856-cityrecord.nyc.gov/RequestDetail/20260911032,"This Procurement is subject to: Section 6-129 of the New York City Administrative Code. Bid Submissions must be submitted in PASSPort. Bid Opening will be held on November 2, 2026 at 11:30am via Zoom Link. Bid documents are available online for free through NYC PASSPort System https://www.nyc.gov/site/mocs/passport/about-passport.page. To download the bid solicitation documents (including drawings if any) you must have a NYC ID Account and Login.",2026-10-06,2026-10-08,construction bid: reconstruction
opengov,neorsd-279486,Rubbish Removal and Recycling Services,Northeast Ohio Regional Sewer District,NEORSD,Contract,Open,2026-11-02,,Any company,"The purpose of this bid, and the requirement contract awarded following an evaluation of the bids received, is to provide rubbish removal and single-stream recycling collection and disposal services at specified Northeast Ohio Regional Sewer District locations.",Contract (bid),posted,2026-10-06,2026-11-02,,,,Any vendor,,Technical Services Group; Standard Bid,"Cleveland area, OH",https://procurement.opengov.com/portal/neorsd/projects/279486,"The purpose of this bid, and the requirement contract awarded following an evaluation of the bids received, is to provide rubbish removal and single-stream recycling collection and disposal services at specified Northeast Ohio Regional Sewer District locations. NEORSD will host a non-mandatory pre-bid meeting at 10:00 am on Friday, October 16, 2026, at EMSC. 4747 East 49th Street Cuyahoga Heights, OH 44125 The NEORSD will offer optional site inspections by appointment only on the following days: Thursday, October 15, 2026, from 9:00 am to 2:00 pm and Friday, October 16, 2026 following the pre-",2026-10-08,2026-10-08,off-topic bid: rubbish
commbuys,BD-27-1030-0H100-0H002-132739,"612193 ANDOVER FAP No. HIP(NGB)-0934(003) Bridge Preservation, A-09-022, I-93 over Merrimack River",Department of Transportation,MA,Contract,Open,2026-11-03,,Any company,,Contract (bid),posted,,2026-11-03,,,,Any vendor,,,Massachusetts,https://www.commbuys.com/bso/external/bidDetail.sda?docId=BD-27-1030-0H100-0H002-132739&external=true&parentUrl=close,,2026-10-06,2026-10-08,construction bid: bridge preservation
commbuys,BD-27-1341-WTRT1-WTRT1-134240,WATERTOWN SQUARE LANDSCAPE ARCHITECTURE DESIGN SERVICES,CITY OF WATERTOWN,MA,Contract,Open,2026-11-03,,Any company,,Contract (bid),posted,,2026-11-03,,,,Any vendor,,,Massachusetts,https://www.commbuys.com/bso/external/bidDetail.sda?docId=BD-27-1341-WTRT1-WTRT1-134240&external=true&parentUrl=close,,2026-10-08,2026-10-08,off-topic bid: landscap
eva-virginia,IV129269,ITB 27-15/TM LITTLE BACK RIVER ROAD RECONSTRUCTION,City of Hampton,VA,Contract,Open,2026-11-03,,Any company,The work under this Project generally consists of installing pedestrian facilities on both sides of Little Back River Road: an asphalt Shared-Use Path on the West side between Lamington Road and Oakville Road and a concrete sidewalk on the East side between Riverchase Drive and ...,Contract (Invitation for Bids (IFB)),posted,2026-09-30,2026-11-03,,,,Any vendor,,Category: Construction,"CITY OF HAMPTON, VA",https://mvendor.cgieva.com/Vendor/public/IVDetails.jsp?PageTitle=SO+Details&rfp_id_lot=129269&rfp_id_round=0,The work under this Project generally consists of installing pedestrian facilities on both sides of Little Back River Road: an asphalt Shared-Use Path on the West side between Lamington Road and Oakville Road and a concrete sidewalk on the East side between Riverchase Drive and the existing sidewalk between Rosewood Drive and Westphal Drive.,2026-10-06,2026-10-08,construction bid: reconstruction
mmsd,M01044D02,Engineering Services – Headquarters and Laboratory Building HVAC Improvements,Milwaukee Metropolitan Sewerage District,MMSD,Contract,Open,2026-11-03,,Any company,Reference M01044D02,Contract,posted,,2026-11-03,,,,Any vendor,,,"Milwaukee area, WI",https://mmsd.diversitycompliance.com/FrontEnd/ProposalSearchPublicDetail.asp?XID=8518&TN=mmsd&PID=2A3A659651385CED85805E4B10511895F38FC72EE8F658F8,Reference M01044D02,2026-10-08,2026-10-08,construction bid: hvac
sam.gov,16a991e6ffbc47bba3c27b5f40193a1b,"USACE SPK DB Construction - Natomas NPP Named Pumping Plants - Sacramento, CA",Dept Of The Army,SAM-021,Contract,Open,2026-11-03,,Any company,"USACE SPK requires a design-bid-build (DBB)construction services to renovate three (3) critical irrigation pumping stations - the Elkhorn, Riverside, and Pritchard Pumping Plants - located along the Garden Highway Levee in the Natomas region of Sacramento, California.",Contract (Solicitation),posted,2026-09-18,2026-11-03,,,,Any vendor,,NAICS 237990; PSC Z2NE,National,https://sam.gov/workspace/contract/opp/16a991e6ffbc47bba3c27b5f40193a1b/view,"USACE SPK requires a design-bid-build (DBB)construction services to renovate three (3) critical irrigation pumping stations - the Elkhorn, Riverside, and Pritchard Pumping Plants - located along the Garden Highway Levee in the Natomas region of Sacramento, California. The project requires removing existing discharge piping that currently penetrates through the levees and installing new discharge piping that traverses over the levees to connect to existing landside irrigation canals, as well as conducting levee excavation, backfilling, pavement restoration, and utility relocation. North America",2026-10-06,2026-10-08,construction bid: construction
eva-virginia,IV128944,"SOL1342, Wiley Drive Low Water Bridge Replacement",Roanoke City Government,VA,Contract,Open,2026-11-04,,Any company,Replacement of the Wiley Drive Low Water bridge structure to provide improved hydraulic passage under the bridge and raise the deck elevation to minimize inundation frequency. The project limits along Wiley Drive consists of existing variable right-of-way.,Contract (Invitation for Bids (IFB)),posted,2026-09-23,2026-11-04,,,,Any vendor,,Category: Construction,"Roanoke, Virginia , VA",https://mvendor.cgieva.com/Vendor/public/IVDetails.jsp?PageTitle=SO+Details&rfp_id_lot=128944&rfp_id_round=0,Replacement of the Wiley Drive Low Water bridge structure to provide improved hydraulic passage under the bridge and raise the deck elevation to minimize inundation frequency. The project limits along Wiley Drive consists of existing variable right-of-way.,2026-10-06,2026-10-08,construction bid: bridge replacement
eva-virginia,IV129431,Greensville Recoating and Repairs to Water Tank 799-10887-1284,DOC - Architecture and Engineering,VA,Contract,Open,2026-11-04,,Any company,"The project is generally described as recoating the interior of the existing 0.45MG ground storage water tank, and incidental repairs at Greensville Correctional Center.",Contract (Invitation for Bids (IFB)),posted,2026-10-02,2026-11-04,,,,Any vendor,,Category: Construction,"Greensville Correctional CenterJarratt, VA, VA",https://mvendor.cgieva.com/Vendor/public/IVDetails.jsp?PageTitle=SO+Details&rfp_id_lot=129431&rfp_id_round=0,"The project is generally described as recoating the interior of the existing 0.45MG ground storage water tank, and incidental repairs at Greensville Correctional Center.",2026-10-06,2026-10-08,construction bid: recoating
eva-virginia,IV129490,COVB-27-101723 Statue Maintenance at the Oceanfront Boardwalk,City of Virginia Beach,VA,Contract,Open,2026-11-04,,Any company,"Provide the artistic services and materials to maintain, repair, and restore the City-owned sculptures and artwork in the connector parks and on the Greenbelt area of the Oceanfront.",Contract (Invitation for Bids (IFB)),posted,2026-10-05,2026-11-04,,,,Any vendor,,Category: Non-professional Services - Non-Technology,"Virginia Beach, VA",https://mvendor.cgieva.com/Vendor/public/IVDetails.jsp?PageTitle=SO+Details&rfp_id_lot=129490&rfp_id_round=0,"Provide the artistic services and materials to maintain, repair, and restore the City-owned sculptures and artwork in the connector parks and on the Greenbelt area of the Oceanfront.",2026-10-06,2026-10-08,off-topic bid: statue
eva-virginia,IV129610,INVITATION TO BID: BRANDON AVENUE WATER DISTRIBUTION SYSTEM IMPROVEMENTS â PHASE 1,Western Virginia Water Authority,VA,Contract,Open,2026-11-04,,Any company,"The Base Bid Project consists of the replacement of approximately 6,160 feet of existing water line with new 12 inch and 6 inch water line, installation of new service connections, and related appurtenances as shown on the Plans and as described in the Contract Documents.",Contract (Invitation for Bids (IFB)),posted,2026-10-07,2026-11-04,,,,Any vendor,,Category: Construction,"Roanoke, VA, VA",https://mvendor.cgieva.com/Vendor/public/IVDetails.jsp?PageTitle=SO+Details&rfp_id_lot=129610&rfp_id_round=0,"The Base Bid Project consists of the replacement of approximately 6,160 feet of existing water line with new 12 inch and 6 inch water line, installation of new service connections, and related appurtenances as shown on the Plans and as described in the Contract Documents.",2026-10-08,2026-10-08,construction bid: Category: Construction
sam.gov,b809bef3decb4239aea75927aa48483e,B533--VANIHCS SPS Water Testing (VA-27-00000760),"Veterans Affairs, Department Of",SAM-036,Contract,Coming soon,2026-11-04,,Companies eligible,"MODIFICATION STATEMENT OF WORK Sterile Processing Service ST-108 Testing Requirements Upgrade The contractor shall provide all the following for testing the water for/within SPS per the ANSI/AAMI ST108:2023 at the Marion, Fort Wayne, and Jackie Walorski VA sites as defined in ...",Contract (Presolicitation),forecast,2026-10-04,2026-11-04,,,,Service-Disabled Veteran-Owned Small Business (SDVOSB) Set-Aside (FAR 19.14),,NAICS 541380; PSC B533,National,https://sam.gov/workspace/contract/opp/b809bef3decb4239aea75927aa48483e/view,"MODIFICATION STATEMENT OF WORK Sterile Processing Service ST-108 Testing Requirements Upgrade The contractor shall provide all the following for testing the water for/within SPS per the ANSI/AAMI ST108:2023 at the Marion, Fort Wayne, and Jackie Walorski VA sites as defined in this Statement of Work (SOW). WORK TO BE PERFORMED: Contractor shall provide all labor, materials, equipment, transportation, lodging, and supervision necessary to collect appropriate samples and deliver to a lab meeting the requirements for processing of AAMI ST108. Contractor shall calibrate the conductivity/resistivity",2026-10-06,2026-10-08,set-aside: service-disabled veteran
eva-virginia,IV129034,Town of Strasburg - Canoe Launch & Parking Access Improvements,Town of Strasburg,VA,Contract,Open,2026-11-05,,Any company,"Construction of a gravel parking lot, pedestrian trail, canoe launch, wading access points, and necessary drainage and erosion control features.",Contract (Invitation for Bids (IFB)),posted,2026-09-24,2026-11-05,,,,Any vendor,,Category: Construction,"End of S. Fort St. Strasburg, VA 22657, VA",https://mvendor.cgieva.com/Vendor/public/IVDetails.jsp?PageTitle=SO+Details&rfp_id_lot=129034&rfp_id_round=0,"Construction of a gravel parking lot, pedestrian trail, canoe launch, wading access points, and necessary drainage and erosion control features.",2026-10-06,2026-10-08,construction bid: Category: Construction
eva-virginia,IV129400,CAST IRON WATER LINE REPLACEMENT PROJECT - PHASE 1,Bristol Virginia Utilities Authority,VA,Contract,Open,2026-11-05,,Any company,"BVU AUTHORITY SEEKING BIDS FOR INSTALLATION OF APP. 16,100 LF OF DUCTILE IRON WATER LINE, 22 FIRE HYDRANT ASSEMBLIES, 7 BLOW-OFF VALVES, AND ASSOCIATED APPURTENANCES",Contract (Invitation for Bids (IFB)),posted,2026-10-01,2026-11-05,,,,Any vendor,,Category: Construction,"BRISTOL VA, VA",https://mvendor.cgieva.com/Vendor/public/IVDetails.jsp?PageTitle=SO+Details&rfp_id_lot=129400&rfp_id_round=0,"BVU AUTHORITY SEEKING BIDS FOR INSTALLATION OF APP. 16,100 LF OF DUCTILE IRON WATER LINE, 22 FIRE HYDRANT ASSEMBLIES, 7 BLOW-OFF VALVES, AND ASSOCIATED APPURTENANCES",2026-10-06,2026-10-08,construction bid: water line replacement
eva-virginia,IV129327,Shenandoah Village Drive Pump Station Replacement and System Improvements Contract I,City of Waynesboro,VA,Contract,Open,2026-11-10,,Any company,"The City of Waynesboro is seeking bids for installation of water main pipe, fiber optic conduit and cable and related work.",Contract (Invitation for Bids (IFB)),posted,2026-10-02,2026-11-10,,,,Any vendor,,Category: Construction,"Waynesboro, VA, VA",https://mvendor.cgieva.com/Vendor/public/IVDetails.jsp?PageTitle=SO+Details&rfp_id_lot=129327&rfp_id_round=1,"The City of Waynesboro is seeking bids for installation of water main pipe, fiber optic conduit and cable and related work.",2026-10-06,2026-10-08,construction bid: pump station replacement
eva-virginia,IV129363,Solicitation No. 408367: Magruder Mercury Interceptor Force Main Replacement â Section B (YR010520/VCWRLF),Hampton Roads Sanitation District,VA,Contract,Open,2026-11-10,,Any company,"The Project or Work consists of Replacement of 24-inch and 30-inch sanitary force main with approximately 220 linear feet of 24-inch Ductile Iron pipe and 4,260 linear feet of 30-inch Ductile Iron pipe, including two (2) trenchless crossings, replacement of site yard piping and ...",Contract (Invitation for Bids (IFB)),posted,2026-10-01,2026-11-10,,,,Any vendor,,Category: Construction,"Hampton, Virginia, VA",https://mvendor.cgieva.com/Vendor/public/IVDetails.jsp?PageTitle=SO+Details&rfp_id_lot=129363&rfp_id_round=0,"The Project or Work consists of Replacement of 24-inch and 30-inch sanitary force main with approximately 220 linear feet of 24-inch Ductile Iron pipe and 4,260 linear feet of 30-inch Ductile Iron pipe, including two (2) trenchless crossings, replacement of site yard piping and meter vault at Langley Circle Pump Station, and abandonment of existing 30-inch force main. The force main replacement is within two project areas: 1. Langley Circle Pump Station off of Thornrose Street; Thornrose Street between North King Street and Bland Street, Bland Street between Thornrose Street and Doolittle Road",2026-10-06,2026-10-08,construction bid: force main
eva-virginia,IV129707,"IFB# 27-2096-6256, Harbor Road Restaurant Rehabilitation",City of Newport News,VA,Contract,Open,2026-11-10,,Any company,"The purpose of this Invitation for Bids (IFB) is to establish a Contractwith a qualified Contractor to provide all labor, materials, andequipment for rehabilitation of an existing restaurant located at 2295Harbor Road, Newport News, Virginia, in accordance with thespecifications ...",Contract (Invitation for Bids (IFB)),posted,2026-10-08,2026-11-10,,,,Any vendor,,Category: Construction,"City of Newport News, VA",https://mvendor.cgieva.com/Vendor/public/IVDetails.jsp?PageTitle=SO+Details&rfp_id_lot=129707&rfp_id_round=0,"The purpose of this Invitation for Bids (IFB) is to establish a Contractwith a qualified Contractor to provide all labor, materials, andequipment for rehabilitation of an existing restaurant located at 2295Harbor Road, Newport News, Virginia, in accordance with thespecifications and requirements of this IFB. Please note that only initial procurement opportunities are posted on eVA. To receive notificationof Addenda, Award, pre-submittal meetings, time extensions and other relevant information for this project, please FOLLOW the project on OpenGov Procurement, the Cityâs e-procurement portal,",2026-10-08,2026-10-08,construction bid: Category: Construction
eva-virginia,IV128911,ARIQCC for Mechanical Dredging and Maintenance of Navigable Waterways and Channels,City of Virginia Beach,VA,Contract,Open,2026-11-12,,Any company,The work includes but is not limited to mechanical dredging in navigable waterways and channels resulting in an indefinite quantity of dredged material. Projects will be located throughout the City.,Contract (Invitation for Bids (IFB)),posted,2026-09-23,2026-11-12,,,,Any vendor,,Category: Construction,"Virginia Beach, VA",https://mvendor.cgieva.com/Vendor/public/IVDetails.jsp?PageTitle=SO+Details&rfp_id_lot=128911&rfp_id_round=0,"The work includes but is not limited to mechanical dredging in navigable waterways and channels resulting in an indefinite quantity of dredged material. Projects will be located throughout the City. Dredged material will be transferred to a City owned dredged transfer material facility and truck hauled to be deposited at a City owned DMMA. Work will include mobilization and demobilization, mechanical dredging, removal and replacement of daymarkers and buoys.",2026-10-06,2026-10-08,construction bid: Category: Construction
sam.gov,a6b0104f00e84476845c43cc89cf23b6,Z1DA--542-21-113 | Correct FCA Deficiencies â€“ Repair Water Penetration | NCO 4 Construction East (VA-26-00020634) (VA-26-00020634),"Veterans Affairs, Department Of",SAM-036,Contract,Coming soon,2026-11-13,,Companies eligible,36C24426B0003 0001,Contract (Presolicitation),forecast,2026-10-05,2026-11-13,,,,Service-Disabled Veteran-Owned Small Business (SDVOSB) Set-Aside (FAR 19.14),,NAICS 238190; PSC Z1DA,National,https://sam.gov/workspace/contract/opp/a6b0104f00e84476845c43cc89cf23b6/view,36C24426B0003 0001,2026-10-06,2026-10-08,set-aside: service-disabled veteran
eva-virginia,IV128812,WQIF Constructed Wetlands BMP,City of Waynesboro,VA,Contract,Open,2026-11-16,,Any company,The City of Waynesboro is seeking bids for the construction of wetlands and extended detention retrofits of existing BMPs at Ridgeview Park.,Contract (Invitation for Bids (IFB)),posted,2026-10-02,2026-11-16,,,,Any vendor,,Category: Construction,"Waynesboro, VA, VA",https://mvendor.cgieva.com/Vendor/public/IVDetails.jsp?PageTitle=SO+Details&rfp_id_lot=128812&rfp_id_round=1,The City of Waynesboro is seeking bids for the construction of wetlands and extended detention retrofits of existing BMPs at Ridgeview Park.,2026-10-06,2026-10-08,construction bid: Category: Construction
eva-virginia,IV129181,Route 130 & 210 Water Line,County of Amherst,VA,Contract,Open,2026-11-19,,Any company,See attached documents.,Contract (Invitation for Bids (IFB)),posted,2026-09-28,2026-11-19,,,,Any vendor,,Category: Construction,"Amherst County, VA, VA",https://mvendor.cgieva.com/Vendor/public/IVDetails.jsp?PageTitle=SO+Details&rfp_id_lot=129181&rfp_id_round=0,See attached documents.,2026-10-06,2026-10-08,construction bid: Category: Construction
eva-virginia,IV129709,"IFB# 27-2089-6256, Seafood Industrial Park Outer Harbor Pier & Dolphins Restoration",City of Newport News,VA,Contract,Open,2026-11-19,,Any company,"The purpose of this Invitation for Bids (IFB) is to establish a Contract with a qualified Contractor to furnish/provide all Work and Materials required for the restoration, upgrade and maintenance of the structural integrity and functionality of the existing mooring concrete ...",Contract (Invitation for Bids (IFB)),posted,2026-10-08,2026-11-19,,,,Any vendor,,Category: Construction,"City of Newport News, VA",https://mvendor.cgieva.com/Vendor/public/IVDetails.jsp?PageTitle=SO+Details&rfp_id_lot=129709&rfp_id_round=0,"The purpose of this Invitation for Bids (IFB) is to establish a Contract with a qualified Contractor to furnish/provide all Work and Materials required for the restoration, upgrade and maintenance of the structural integrity and functionality of the existing mooring concrete pier, timber fender system and mooring dolphins, at the seafood Industrial Park Outer Harbor and Dolphins, in accordance with the specifications of this IFB. Please note that only initial procurement opportunities are posted on eVA. To receive notification of Addenda, Award, pre-submittal meetings, time extensions and othe",2026-10-08,2026-10-08,construction bid: Category: Construction
sam.gov,9605e52e677c4bf49890ecae1b465849,"Sextant, Marine; [WSDC: 23N] End Item: Ship, Ohio Class SSN (Trident) PR: 7017536460 NSN: 6605-012533442",Defense Logistics Agency,SAM-097,Contract,Coming soon,2026-11-20,,Companies eligible,"NOM: Sextant, Marine; [WSDC: 23N] End Item: Ship, Ohio Class SSN (Trident) PR: 7017536460 NSN: 6605-012533442, SPE4A6-27-R-0030 This solicitation will contain one NSN for a Sextant, Marine; [WSDC: 23N] End Item: Ship, Ohio Class SSN (Trident).",Contract (Presolicitation),forecast,2026-10-06,2026-11-20,,,,Service-Disabled Veteran-Owned Small Business (SDVOSB) Set-Aside (FAR 19.14),,NAICS 334511; PSC 6605,"Richmond, VA",https://sam.gov/workspace/contract/opp/9605e52e677c4bf49890ecae1b465849/view,"NOM: Sextant, Marine; [WSDC: 23N] End Item: Ship, Ohio Class SSN (Trident) PR: 7017536460 NSN: 6605-012533442, SPE4A6-27-R-0030 This solicitation will contain one NSN for a Sextant, Marine; [WSDC: 23N] End Item: Ship, Ohio Class SSN (Trident). The NSN and quantity are as follows: NSN 6605-012533442 with a quantity of 208 each. The delivery schedule is 78 days ARO. Inspection/Acceptance: Origin; FOB: Destination. The final contract award decision may be based upon a combination of price, past performance, and other evaluation factors as described in the solicitation. Clause 52.246-11 Higher-lev",2026-10-07,2026-10-08,set-aside: service-disabled veteran
sam.gov,c45fd3f122574310b55bca1fb46014ff,"W912EK27BA003 - Detroit Project Office Detroit, MI Wayne County Roads, Parking, and Grounds Renovation",Dept Of The Army,SAM-021,Contract,Coming soon,2026-11-30,,Not companies,"Pre-Solicitation - W912EK27BA003 - Detroit Project Office Detroit, MI Wayne County Roads, Parking, and Grounds Renovation Completion Days: 365 Consecutive Calendar Days NAICS 237310 8(a) Competitive IFB The project includes, but is not limited to mobilization and demobilization; ...",Contract (Presolicitation),forecast,2026-10-07,2026-11-30,,,,8(a) Set-Aside (FAR 19.8),,NAICS 237310; PSC Y1QA,National,https://sam.gov/workspace/contract/opp/c45fd3f122574310b55bca1fb46014ff/view,"Pre-Solicitation - W912EK27BA003 - Detroit Project Office Detroit, MI Wayne County Roads, Parking, and Grounds Renovation Completion Days: 365 Consecutive Calendar Days NAICS 237310 8(a) Competitive IFB The project includes, but is not limited to mobilization and demobilization; demolition to include removal of asphalt and concrete pavements, curbs and gutters, sidewalks and slabs, water main, valve and hydrant, storm sewer inlets, manholes and pipe, chain-link and ornamental fencing and gates, and flagpole; earthwork to include stripping, excavation, placement of backfill, compaction, and gra",2026-10-08,2026-10-08,set-aside: 8(a)
sam.gov,512decbb3da94bfb9ef55ef7c777706c,"Fort Eustis Dredge Material Management Area Construction in Newport News, Virginia",Dept Of The Army,SAM-021,Contract,Info request,2026-12-01,,Any company,"PROJECT DESCRIPTION: The Norfolk District, Corps of Engineers is contemplating a firm-fixed-price contract for the Design-Bid-Build construction of maintenance requirements at the Fort Eustis Dredge Material Management Area, located at JBLE – Eustis with provisions to include: ...",Contract (Sources Sought),forecast,2025-11-12,2026-12-01,,,,Any vendor,,NAICS 237990; PSC Z2KF,"Fort Eustis, VA",https://sam.gov/workspace/contract/opp/512decbb3da94bfb9ef55ef7c777706c/view,"PROJECT DESCRIPTION: The Norfolk District, Corps of Engineers is contemplating a firm-fixed-price contract for the Design-Bid-Build construction of maintenance requirements at the Fort Eustis Dredge Material Management Area, located at JBLE – Eustis with provisions to include: Regrading/raising the disposal site berms to an elevation of 36 ft. The berms are currently at elevation 34 ft and have settled in a few places to below 34 ft. The work will also include the relocation of two existing spill boxes 50 – 60 feet into the disposal site. The existing access dirt and stone access ramp will nee",2026-10-06,2026-10-08,construction bid: construction
eva-virginia,IV129046,PROPOSED BRIDGE SUPERSTRUCTURE REPLACEMENT WEST COMMERCE STREET OVER PEAK CREEK,Town of Pulaski,VA,Contract,Open,2026-12-16,,Any company,"The project involves demolition of the existing superstructure, substructure repair, reconstructing the superstructure with prestressed Bulb Teeâs, approach work and water line replacement.",Contract (Invitation for Bids (IFB)),posted,2026-09-25,2026-12-16,,,,Any vendor,,Category: Construction,"Pulaski, VA, VA",https://mvendor.cgieva.com/Vendor/public/IVDetails.jsp?PageTitle=SO+Details&rfp_id_lot=129046&rfp_id_round=1,"The project involves demolition of the existing superstructure, substructure repair, reconstructing the superstructure with prestressed Bulb Teeâs, approach work and water line replacement.",2026-10-06,2026-10-08,construction bid: bridge superstructure
eva-virginia,IV129080,Town of Orange Water Treatment Plant Chemical Feed Building - PPEA,Town of Orange,VA,Contract,Open,2026-12-23,,Any company,The Town of Orange has received and accepted for publication and conceptual phase consideration an unsolicited proposal under the provisions of the Public-Private Education Facilities and Infrastructure Act of 2002 (PPEA) and the Town of Orange's Guidelines for Public-Private ...,Contract (Private Education Facilities and Infrastructure (PPEA)),posted,2026-09-25,2026-12-23,,,,Any vendor,,Category: Construction,"Town of Orange, VA",https://mvendor.cgieva.com/Vendor/public/IVDetails.jsp?PageTitle=SO+Details&rfp_id_lot=129080&rfp_id_round=0,The Town of Orange has received and accepted for publication and conceptual phase consideration an unsolicited proposal under the provisions of the Public-Private Education Facilities and Infrastructure Act of 2002 (PPEA) and the Town of Orange's Guidelines for Public-Private Education Facilities and Infrastructure Act 2002 (Guidelines). For complete information see the attachments or visit our website https://www.townoforangeva.gov/183/Procurement,2026-10-06,2026-10-08,construction bid: Category: Construction
eva-virginia,IV128414,2026-068-BRW.00049 BRWRF Phase lll - Package ll,Loudoun Water,VA,Contract,Open,2027-01-14,,Any company,"Loudoun County Sanitation Authority (DBA Loudoun Water), the Owner, invites qualified contractors to submit sealed Bids for the aforementioned project.",Contract (Invitation for Bids (IFB)),posted,2026-09-15,2027-01-14,,,,Any vendor,,Category: Construction,"Ashburn, VA, VA",https://mvendor.cgieva.com/Vendor/public/IVDetails.jsp?PageTitle=SO+Details&rfp_id_lot=128414&rfp_id_round=0,"Loudoun County Sanitation Authority (DBA Loudoun Water), the Owner, invites qualified contractors to submit sealed Bids for the aforementioned project. The procurement process and the performance of the Contract shall be governed by the provisions of the Virginia Public Procurement Act (VPPA).There will be two opportunities to attend the Mandatory Pre-Bid Conference and Mandatory Site Visit. The Mandatory Pre-Bid Conference may be attended in person or virtually; however, the Mandatory Site Visit must be attended in person and will immediately follow each Pre-Bid Conference.Bidders must attend",2026-10-06,2026-10-08,construction bid: Category: Construction
eva-virginia,IV121672,ITB 27-03TM Landscape & Turf Maintenance,City of Hampton,VA,Contract,Open,2027-06-02,,Any company,The city of Hampton is seeking bids from qualified bidders to provide landscape and turf maintenance for the Lake Hampton and Freeman Drive/Waterwalk Trail Areas,Contract (Invitation for Bids (IFB)),posted,2026-06-03,2027-06-02,,,,Any vendor,,Category: Non-professional Services - Non-Technology,"Lake Hampton and Freeman Drive/Waterwalk Trail Areas , VA",https://mvendor.cgieva.com/Vendor/public/IVDetails.jsp?PageTitle=SO+Details&rfp_id_lot=121672&rfp_id_round=0,The city of Hampton is seeking bids from qualified bidders to provide landscape and turf maintenance for the Lake Hampton and Freeman Drive/Waterwalk Trail Areas,2026-10-06,2026-10-08,off-topic bid: landscap
mmsd,TS-2750 & TS-2755,Native Landscape Contractor Prequalification,Milwaukee Metropolitan Sewerage District,MMSD,Contract,Open,2028-02-18,,Any company,Reference TS-2750 & TS-2755,Contract,posted,,2028-02-18,,,,Any vendor,,,"Milwaukee area, WI",https://mmsd.diversitycompliance.com/FrontEnd/ProposalSearchPublicDetail.asp?XID=8518&TN=mmsd&PID=311D527FDE56B21B68C7599C2105F414E69172A59611583F,Reference TS-2750 & TS-2755,2026-10-08,2026-10-08,off-topic bid: landscap
sam.gov,85e1b86ec2b64205a8a313e9e801afab,Tri-Base Area Construction Basic Ordering Agreement,Dept Of The Air Force,SAM-057,Contract,Open,2029-04-27,,Any company,"This Basic Ordering Agreement (BOA) is a written instrument of understanding, negotiated between the United States Government and the Contractor for a broad range of construction services for the US Government.",Contract (Solicitation),posted,2026-05-20,2029-04-27,,,,Any vendor,,NAICS 236220; PSC Z2AZ,"RAF Lakenheath, GB-SFK",https://sam.gov/workspace/contract/opp/85e1b86ec2b64205a8a313e9e801afab/view,"This Basic Ordering Agreement (BOA) is a written instrument of understanding, negotiated between the United States Government and the Contractor for a broad range of construction services for the US Government. Work locations include RAF Mildenhall, RAF Lakenheath, and RAF Feltwell, United Kingdom (UK). Work under this Agreement will be ordered by issuing Task Orders. This announcement will remain open. Applications will be accepted and evaluated for potential award throughout the period of the Basic Ordering Agreement. We are actively seeking experienced construction contractors for a wide ra",2026-10-06,2026-10-08,construction bid: construction
nyc-city-record,20260420040,Emergency Water Main Work,NYC Design and Construction,NYC,Contract,Open,2040-12-31,,Any company,"The Department of Design and Construction (DDC or the Department) is in the process of establishing a pre-qualified list (PQL) of contractors for furnishing all labor, materials and equipment, necessary and required f o r the reconstruction and replacement, as ordered by ...",Contract (Request for Qualifications),posted,2026-04-27,2040-12-31,,,,Any vendor,,Construction/Construction Services,New York City,https://a856-cityrecord.nyc.gov/RequestDetail/20260420040,"The Department of Design and Construction (DDC or the Department) is in the process of establishing a pre-qualified list (PQL) of contractors for furnishing all labor, materials and equipment, necessary and required f o r the reconstruction and replacement, as ordered by the Engineer, of broken water mains of the City-owned water supply distribution system and do other ancillary restoration work, on an emergency basis, system wide. Address to Request Documents and Information: https://passport.cityofnewyork.us/page.aspx/en/rfp/request_browse_public",2026-10-06,2026-10-08,off-topic bid: emergency water main
nyc-city-record,20260420042,Emergency Sewer Work,NYC Design and Construction,NYC,Contract,Open,2040-12-31,,Any company,"The Department of Design and Construction (DDC or the Department) is in the process of establishing a pre-qualified list (PQL) of contractors for furnishing all labor, materials and equipment, necessary and required to reconstruct and/or replace collapsed or otherwise ...",Contract (Request for Qualifications),posted,2026-04-27,2040-12-31,,,,Any vendor,,Construction/Construction Services,New York City,https://a856-cityrecord.nyc.gov/RequestDetail/20260420042,"The Department of Design and Construction (DDC or the Department) is in the process of establishing a pre-qualified list (PQL) of contractors for furnishing all labor, materials and equipment, necessary and required to reconstruct and/or replace collapsed or otherwise defective sewers and appurtenances for which the City is responsible or otherwise deemed necessary as ordered by the Engineer, and to perform ancillary restoration work, on an emergency basis, in all five boroughs of the City of New York. Address to Request Documents and Information: https://passport.cityofnewyork.us/page.a",2026-10-06,2026-10-08,off-topic bid: emergency sewer work
nyc-city-record,20190604023,CONSTRUCTION SERVICES FOR PROPOSED EAST SIDE COAST RESILIENCY PROJECT (ESCR),NYC Design and Construction,NYC,Contract,Open,2099-12-01,,Any company,PROJECT: RFQINFRAPQL/ DDC PIN: 8502019QI000C,Contract (Request for Qualifications),posted,2019-06-07,2099-12-01,,,,Any vendor,,Construction/Construction Services,New York City,https://a856-cityrecord.nyc.gov/RequestDetail/20190604023,PROJECT: RFQINFRAPQL/ DDC PIN: 8502019QI000C,2026-10-06,2026-10-08,construction bid: construction
nyc-city-record,20210305112,EMERGENCY SEWER WORK,NYC Design and Construction,NYC,Contract,Open,2099-12-01,,Any company,RFQPQLINFRA / DDC PIN: 8502019SE0032C,Contract (Request for Qualifications),posted,2021-03-12,2099-12-01,,,,Any vendor,,Construction/Construction Services,New York City,https://a856-cityrecord.nyc.gov/RequestDetail/20210305112,RFQPQLINFRA / DDC PIN: 8502019SE0032C,2026-10-06,2026-10-08,off-topic bid: emergency sewer work
nyc-city-record,20210305117,EMERGENCY WATER MAINS,NYC Design and Construction,NYC,Contract,Open,2099-12-01,,Any company,Project ID:RFQINFRA / DDC PIN: 8502018QI0002C,Contract (Request for Qualifications),posted,2021-03-12,2099-12-01,,,,Any vendor,,Construction/Construction Services,New York City,https://a856-cityrecord.nyc.gov/RequestDetail/20210305117,Project ID:RFQINFRA / DDC PIN: 8502018QI0002C,2026-10-06,2026-10-08,off-topic bid: emergency water main
nyc-city-record,20250418004,Emergency Water Main Work,NYC Design and Construction,NYC,Contract,Open,2099-12-31,,Any company,"The New York City (the City) Department of Design and Construction (DDC or the Department) is in the process of establishing a pre-qualified list (PQL) of contractors for furnishing all labor, materials and equipment, necessary and required for the reconstruction and ...",Contract (Request for Qualifications),posted,2025-04-24,2099-12-31,,,,Any vendor,,Construction/Construction Services,New York City,https://a856-cityrecord.nyc.gov/RequestDetail/20250418004,"The New York City (the City) Department of Design and Construction (DDC or the Department) is in the process of establishing a pre-qualified list (PQL) of contractors for furnishing all labor, materials and equipment, necessary and required for the reconstruction and replacement, as ordered by the Engineer, of broken water mains of the City-owned water supply distribution system and do other ancillary restoration work, on an emergency basis, in the five boroughs of the City of New York.",2026-10-06,2026-10-08,off-topic bid: emergency water main
nyc-city-record,20250418005,Emergency Sewer Work,NYC Design and Construction,NYC,Contract,Open,2099-12-31,,Any company,"The New York City (the City) Department of Design and Construction (DDC or the Department) is in the process of establishing a pre-qualified list (PQL) of contractors for furnishing all labor, materials and equipment, necessary and required to reconstruct and/or replace ...",Contract (Request for Qualifications),posted,2025-04-24,2099-12-31,,,,Any vendor,,Construction/Construction Services,New York City,https://a856-cityrecord.nyc.gov/RequestDetail/20250418005,"The New York City (the City) Department of Design and Construction (DDC or the Department) is in the process of establishing a pre-qualified list (PQL) of contractors for furnishing all labor, materials and equipment, necessary and required to reconstruct and/or replace collapsed or otherwise defective sewers and appurtenances for which the City is responsible or otherwise deemed necessary as ordered by the Engineer, and to perform ancillary restoration work, on an emergency basis, in the five boroughs of the City of New York.",2026-10-06,2026-10-08,off-topic bid: emergency sewer work
sam.gov,0b4e7eb09ea246bfaacb9b2b116e90c4,Base operations support services at Fort Leonard Wood and Lake of the Ozarks Army Recreation Area (LORA).,Dept Of The Army,SAM-021,Contract,Info request,Not set,,Not companies,"Contractors shall provide all services, materials, supplies, plant, supervision, labor and equipment, except as specified as Government furnished, to operate, maintain, repair, and construct real property facilities and appurtenant structures at FLW, Missouri and the Lake of the ...",Contract (Special Notice),forecast,2025-02-10,,,,,8(a) Set-Aside (FAR 19.8),,NAICS 561210; PSC M1AZ,"Fort Leonard Wood, MO",https://sam.gov/workspace/contract/opp/0b4e7eb09ea246bfaacb9b2b116e90c4/view,"Contractors shall provide all services, materials, supplies, plant, supervision, labor and equipment, except as specified as Government furnished, to operate, maintain, repair, and construct real property facilities and appurtenant structures at FLW, Missouri and the Lake of the Ozarks Army Recreation Area (LORA). The size standard is $47,000,000.00 United States Dollars. This is a recurring requirement consisting of twelve (12) functional task areas to provide Base Operations Support Services (BASOPS) for the Department of Public Works (DPW) at Fort Leonard Wood (FLW) and Lake of the Ozarks r",2026-10-06,2026-10-08,set-aside: 8(a)
sam.gov,0ba6aa0ba89144d286c6e7cabe4071f5,Pine Creek Janitorial Services,Dept Of The Army,SAM-021,Contract,Coming soon,Not set,,Small businesses only,"U.S. Army Corps of Engineers, Southwestern Division (SWD), Tulsa District (SWT) intends to issue a commercial solicitation, W912BV26Q0026 for Janitorial Services at Pine Creek Lake Office.",Contract (Presolicitation),forecast,2026-01-15,,,,,Small Business Set Aside - Total,,NAICS 561720; PSC S201,National,https://sam.gov/workspace/contract/opp/0ba6aa0ba89144d286c6e7cabe4071f5/view,"U.S. Army Corps of Engineers, Southwestern Division (SWD), Tulsa District (SWT) intends to issue a commercial solicitation, W912BV26Q0026 for Janitorial Services at Pine Creek Lake Office.",2026-10-06,2026-10-08,off-topic bid: janitorial
sam.gov,13b2da534d1040f4a896391a2143c437,"PRESOLICITATION NOTICE FOR INDEFINITE DELIVERY, INDEFINITE QUANTITY, MULTIPLE AWARD TASK ORDER CONTRACT FOR VARIOUS SMALL CONSTRUCTION PROJECTS IN ILLINOIS AND INDIANA",Dept Of The Army,SAM-021,Contract,Coming soon,Not set,,Small businesses only,"The Chicago District, U.S. Army Corps of Engineers intends to procure an Indefinite Delivery Indefinite Quantity Contract for Various Small Construction Projects in Illinois and Indiana. Each contract will include one ordering period lasting two (2) years.",Contract (Presolicitation),forecast,2024-07-01,,,,,Small Business Set Aside - Total,,NAICS 237110; PSC Y1PZ,National,https://sam.gov/workspace/contract/opp/13b2da534d1040f4a896391a2143c437/view,"The Chicago District, U.S. Army Corps of Engineers intends to procure an Indefinite Delivery Indefinite Quantity Contract for Various Small Construction Projects in Illinois and Indiana. Each contract will include one ordering period lasting two (2) years. The maximum dollar aggregate value for all contracts, combined, will not exceed $25,000,000.00. Construction elements include but are not limited to: Potable water supply and storage, Stormwater detention, Treatment and distribution systems, Sanitary, storm, and water pipeline installation and lining, Drainage structures, Pump and lift stati",2026-10-06,2026-10-08,construction bid: construction
sam.gov,32f1571b3b4147b68ce773d9ae4d6e0d,"Water and Electrical Utility Lines, Minooka Park C Loop Campground at Wilson Lake, Kansas",Dept Of The Army,SAM-021,Contract,Coming soon,Not set,,Companies eligible,"PRESOLICITATION NOTICE The U.S. Army Corps of Engineers, Kansas City District, anticipates issuing a solicitation and awarding a single contract for construction services for the installation of water and electrical utility lines at the Minooka Park C Loop Campground, located at ...",Contract (Presolicitation),forecast,2026-07-08,,,,,Historically Underutilized Business (HUBZone) Set-Aside (FAR 19.13),,NAICS 237990; PSC Y1NZ,National,https://sam.gov/workspace/contract/opp/32f1571b3b4147b68ce773d9ae4d6e0d/view,"PRESOLICITATION NOTICE The U.S. Army Corps of Engineers, Kansas City District, anticipates issuing a solicitation and awarding a single contract for construction services for the installation of water and electrical utility lines at the Minooka Park C Loop Campground, located at Wilson Lake in Kansas. The Government intends to award a Firm-Fixed Price (FFP) contract for this project. This will be a 100% Small Business HUBZone Set-Aside. The work covered includes removal and replacement of existing water and electrical utilities to 31 campsites along C Loop in Minooka Park at Wilson Lake, inclu",2026-10-06,2026-10-08,set-aside: hubzone
sam.gov,3d776ebb9610446f9a4f52a988c5612d,Z1LZ--663A4-26-001 CON NRM: AMLK Parking Lot Striping,"Veterans Affairs, Department Of",SAM-036,Contract,Coming soon,Not set,,Companies eligible,"This is a presolicitation notice only. The VA is currently NOT requesting proposals, quotes, or bids for this project. This solicitation will be 100% set-aside for small business.",Contract (Presolicitation),forecast,2026-03-30,,,,,Service-Disabled Veteran-Owned Small Business (SDVOSB) Set-Aside (FAR 19.14),,NAICS 237310; PSC Z1LZ,National,https://sam.gov/workspace/contract/opp/3d776ebb9610446f9a4f52a988c5612d/view,"This is a presolicitation notice only. The VA is currently NOT requesting proposals, quotes, or bids for this project. This solicitation will be 100% set-aside for small business. Solicitation 36C26026R0050 for project 663A4-26-001 AMLK Striping Base + 4 for the Puget Sound VA Medical Center American Lake campus is anticipated to be released to Contracting Opportunities on or about 2/24/2026. Drawings and specifications will be posted for review as attachments to the solicitation. Proposals will be due approximately 30-45 days after the solicitation is posted. Period of Performance: The intend",2026-10-06,2026-10-08,set-aside: service-disabled veteran
sam.gov,4743c12924c04801b788c63bf3a52165,"USACE SPK DBB Construction - Englebright Dam and Lake HQ Building and Maintenance Shop ?Smartsville, California.",Dept Of The Army,SAM-021,Contract,Coming soon,Not set,,Small businesses only,"The United States Army Corps of Engineers (USACE) Sacramento District (SPK) anticipates a solicitation of a requirement for Design-Bid-Build (DBB) construction services to build a new single-story, 5,000 square-foot (SF) Headquarters (HQ) building and a new single-story, 4,200 ...",Contract (Presolicitation),forecast,2025-12-10,,,,,Small Business Set Aside - Total,,NAICS 236220; PSC Y1JZ,National,https://sam.gov/workspace/contract/opp/4743c12924c04801b788c63bf3a52165/view,"The United States Army Corps of Engineers (USACE) Sacramento District (SPK) anticipates a solicitation of a requirement for Design-Bid-Build (DBB) construction services to build a new single-story, 5,000 square-foot (SF) Headquarters (HQ) building and a new single-story, 4,200 SF maintenance shop w/ storage mezzanine to support USACE administrative, ranger, and maintenance staff at H.L. Englebright Dam and Lake in Smartsville, California (CA).The HQ building is anticipated to be metal-stud construction and will include management offices, open cubicle work areas, conference room, information c",2026-10-06,2026-10-08,construction bid: construction
sam.gov,6d4cfeb8e6164c8b81cedf280605ff59,"Design and Construction of Levee Access Manholes for Fairfax-Jersey Creek Levee Unit (Kansas City, Kansas)",Dept Of The Army,SAM-021,Contract,Coming soon,Not set,,Any company,"The U.S. Army Corps of Engineers, Kansas City District, intends to issue a two-phase design-build solicitation that will result in a firm-fixed-price construction contract for a requirement at the Fairfax-Jersey Creek Levee Unit on the Missouri River in Kansas City, Kansas.",Contract (Presolicitation),forecast,2026-05-28,,,,,Any vendor,,NAICS 237990; PSC Y1PZ,National,https://sam.gov/workspace/contract/opp/6d4cfeb8e6164c8b81cedf280605ff59/view,"The U.S. Army Corps of Engineers, Kansas City District, intends to issue a two-phase design-build solicitation that will result in a firm-fixed-price construction contract for a requirement at the Fairfax-Jersey Creek Levee Unit on the Missouri River in Kansas City, Kansas. See attachment for additional details.",2026-10-06,2026-10-08,construction bid: construction
sam.gov,7412e57adebf4a7aaf13bfbee2cf7563,Whitney Lake Powerhouse Roof Repairs,Dept Of The Army,SAM-021,Contract,Coming soon,Not set,,Small businesses only,"Description THIS IS NOT A REQUEST FOR QUOTE GENERAL INFORMATION: This announcement is a competitive, Firm-Fixed price, Small Business Set-Aside, procured in accordance with FAR Part 36, Construction and Architect-Engineer Contracts to determine best value.",Contract (Presolicitation),forecast,2026-03-11,,,,,Small Business Set Aside - Total,,NAICS 238160; PSC Z2JZ,National,https://sam.gov/workspace/contract/opp/7412e57adebf4a7aaf13bfbee2cf7563/view,"Description THIS IS NOT A REQUEST FOR QUOTE GENERAL INFORMATION: This announcement is a competitive, Firm-Fixed price, Small Business Set-Aside, procured in accordance with FAR Part 36, Construction and Architect-Engineer Contracts to determine best value. Please note this solicitation requires offerors to enter a National Institute of Standards and Technology (NIST) score in the Supplier Performance Risk System (SPRS). The NIST score is required before award. Project Scope: Scope: The Contractor shall provide all personnel, equipment, supplies, facilities, transportation, tools, materials, su",2026-10-06,2026-10-08,construction bid: roof rep
sam.gov,8db8b047c2e043b482e12a192ee8deab,NEW CONTRACT - CONSTRUCT LIFT STATION AT SOUTH POST HOUSING,Dept Of The Army,SAM-021,Contract,Coming soon,Not set,,Companies eligible,See Attachment: W911SA26BA003 Pre-Solicitation IFB.,Contract (Presolicitation),forecast,2026-01-21,,,,,Service-Disabled Veteran-Owned Small Business (SDVOSB) Set-Aside (FAR 19.14),,NAICS 236220; PSC Z2QA,National,https://sam.gov/workspace/contract/opp/8db8b047c2e043b482e12a192ee8deab/view,See Attachment: W911SA26BA003 Pre-Solicitation IFB.,2026-10-06,2026-10-08,set-aside: service-disabled veteran
sam.gov,a6f3646f86b74f1889aafa0834d817cc,GPO G-Street Sidewalk Repair,United States Government Publishing Office,SAM-004,Contract,Coming soon,Not set,,Any company,"This is a pre-solicitation synopsis for a competitive solicitation that GPO intends to post on SAM.gov on or about May 11, 2026. The scope of work includes: The concrete sidewalk and the vault structure beneath the G Street Sidewalk are showing signs of moderate to severe ...",Contract (Presolicitation),forecast,2026-04-29,,,,,Any vendor,,NAICS 238190; PSC Z1AZ,DC,https://sam.gov/workspace/contract/opp/a6f3646f86b74f1889aafa0834d817cc/view,"This is a pre-solicitation synopsis for a competitive solicitation that GPO intends to post on SAM.gov on or about May 11, 2026. The scope of work includes: The concrete sidewalk and the vault structure beneath the G Street Sidewalk are showing signs of moderate to severe deterioration of the concrete and the encased structural framing. Over time and a failure of the waterproofing membrane, salt water, and other liquids constantly migrate into the reinforced slab and cause deterioration substantial damages. The contractor shall provide the labor, material, equipment, and supervision to demolis",2026-10-06,2026-10-08,construction bid: sidewalk
sam.gov,d7e584fed0bb44c7a9920f659a2f4ab9,5650--American Lake B81 Lab Roof,"Veterans Affairs, Department Of",SAM-036,Contract,Coming soon,Not set,,Companies eligible,"INTRODUCTION: The Department of Veterans Affairs (VA), Network Contracting Office (NCO) 20 anticipates soliciting proposals and subsequently awarding a single, Firm-Fixed-Price Construction Contract for the Roof Replacement at American Lake Facilities Maintenance Service at 9600 ...",Contract (Presolicitation),forecast,2026-09-02,,,,,Service-Disabled Veteran-Owned Small Business (SDVOSB) Set-Aside (FAR 19.14),,NAICS 238160; PSC Z2DB,"Tacoma, WA",https://sam.gov/workspace/contract/opp/d7e584fed0bb44c7a9920f659a2f4ab9/view,"INTRODUCTION: The Department of Veterans Affairs (VA), Network Contracting Office (NCO) 20 anticipates soliciting proposals and subsequently awarding a single, Firm-Fixed-Price Construction Contract for the Roof Replacement at American Lake Facilities Maintenance Service at 9600 Veterans Dr. SW Tacoma, WA 98493. DESCRIPTION: The small flat roof above the laboratory storage rooms in Building 81 has experienced persistent leaks for several years. Although multiple repairs have been attempted, including large applications of tar, the roof continues to fail. The existing torch?down roof will be re",2026-10-06,2026-10-08,set-aside: service-disabled veteran
sam.gov,f4f1f4b5489f48d4b9611e0da93ea4a8,Grounds maintenance services for Riverside National Cemetery. -- S208,"Veterans Affairs, Department Of",SAM-036,Contract,Coming soon,Not set,,Companies eligible,Grounds maintenance services for Riverside National Cemetery. -- S208 Grounds maintenance services for Riverside National Cemetery. Grounds maintenance services for Riverside National Cemetery.,Contract (Presolicitation),forecast,2026-05-13,,,,,Service-Disabled Veteran-Owned Small Business (SDVOSB) Set-Aside (FAR 19.14),,NAICS 561730; PSC S208,"Riverside, CA",https://sam.gov/workspace/contract/opp/f4f1f4b5489f48d4b9611e0da93ea4a8/view,Grounds maintenance services for Riverside National Cemetery. -- S208 Grounds maintenance services for Riverside National Cemetery. Grounds maintenance services for Riverside National Cemetery.,2026-10-06,2026-10-08,set-aside: service-disabled veteran
